{
  "xsappname": "shine-admin",
  "scopes": [
  	{
        "name": "$XSAPPNAME.JOBSCHEDULER",
        "description": "Job Scheduler Scope",
        "grant-as-authority-to-apps": ["jobscheduler"]
    },
    {
      "name": "$XSAPPNAME.Display",
      "description": "display"
    },
    {
      "name": "$XSAPPNAME.Edit",
      "description": "edit"
    },
    {
      "name": "$XSAPPNAME.Delete",
      "description": "delete"
    },
    {
      "name": "$XSAPPNAME.DataGenerator",
      "description": "data generator"
    },
    {
      "name": "xs_authorization.read",
      "description": "Read authorization information from UAA"
    },
    {
      "name": "xs_authorization.write",
      "description": "Write authorization information to UAA"
    }
  ],
  "role-templates": [
    {
      "name": "Admin",
      "description": "refapps administrator",
      "scope-references": [
        "$XSAPPNAME.Display",
        "$XSAPPNAME.Edit",
        "$XSAPPNAME.Delete",
        "$XSAPPNAME.DataGenerator",
        "xs_authorization.read",
        "xs_authorization.write",
        "$XSAPPNAME.JOBSCHEDULER",
        "xs_controller.read"
      ]
    }
  ]
}