SALESORDERID,HISTORY.CREATEDBY.EMPLOYEEID,HISTORY.CREATEDAT,HISTORY.CHANGEDBY.EMPLOYEEID,HISTORY.CHANGEDAT,NOTEID,PARTNER.PARTNERID,CURRENCY,GROSSAMOUNT,NETAMOUNT,TAXAMOUNT,LIFECYCLESTATUS,BILLINGSTATUS,DELIVERYSTATUS
500000000,33,2015-01-01,33,2015-01-15,,100000000,EUR,26581.03,22337,4244.03,X,I,I
500000001,33,2015-01-02,33,2015-01-16,,100000002,EUR,9417.66,7914,1503.66,N,I,I
500000002,33,2015-01-03,33,2015-01-17,,100000005,EUR,5631.08,4732,899.08,P,I,D
500000003,33,2015-01-04,33,2015-01-18,,100000006,EUR,1405.39,1181,224.39,N,I,I
500000004,33,2015-01-05,33,2015-01-19,,100000006,EUR,761.24,639.7,121.54,C,P,D
500000005,33,2015-01-06,33,2015-01-20,,100000008,EUR,101299.22,85125.4,16173.82,X,I,I
500000006,33,2015-01-07,33,2015-01-21,,100000003,EUR,250.73,210.7,40.03,X,I,I
500000007,33,2015-01-08,33,2015-01-22,,100000004,EUR,10549.35,8865,1684.35,C,P,D
500000008,33,2015-01-09,33,2015-01-23,,100000009,EUR,195.16,164,31.16,X,I,I
500000009,33,2015-01-10,33,2015-01-24,,100000000,EUR,3972.22,3338,634.22,P,P,I
500000010,33,2015-01-11,33,2015-01-25,,100000002,EUR,3598.92,3024.3,574.62,N,I,I
500000011,33,2015-01-12,33,2015-01-26,,100000004,EUR,325.94,273.9,52.04,P,P,I
500000012,33,2015-01-13,33,2015-01-27,,100000005,EUR,24395,20500,3895,P,I,D
500000013,33,2015-01-14,33,2015-01-28,,100000006,EUR,5527.55,4645,882.55,P,I,D
500000014,33,2015-01-15,33,2015-01-29,,100000006,EUR,3459.33,2907,552.33,P,I,I
500000015,33,2015-01-16,33,2015-01-30,,100000008,EUR,852.04,716,136.04,X,I,I
500000016,33,2015-01-17,33,2015-01-31,,100000004,EUR,1916.5,1610.5,306,N,I,I
500000017,33,2015-01-18,33,2015-02-01,,100000005,EUR,178.14,149.7,28.44,P,P,D
500000018,33,2015-01-19,33,2015-02-02,,100000002,EUR,871.55,732.4,139.15,C,P,D
500000019,33,2015-01-20,33,2015-02-03,,100000009,EUR,1028.15,864,164.15,N,I,I
500000020,33,2015-01-21,33,2015-02-04,,100000000,EUR,5523.38,4641.5,881.88,N,I,I
500000021,33,2015-01-22,33,2015-02-05,,100000002,EUR,187.54,157.6,29.94,P,P,D
500000022,33,2015-01-23,33,2015-02-06,,100000006,EUR,521.22,438,83.22,N,I,I
500000023,33,2015-01-24,33,2015-02-07,,100000008,EUR,411.5,345.8,65.7,C,P,D
500000024,33,2015-01-25,33,2015-02-08,,100000005,EUR,11552.52,9708,1844.52,P,P,D
500000025,33,2015-01-26,33,2015-02-09,,100000003,EUR,26581.03,22337,4244.03,C,P,D
500000026,33,2015-01-27,33,2015-02-10,,100000003,EUR,9417.66,7914,1503.66,N,I,I
500000027,33,2015-01-28,33,2015-02-11,,100000003,EUR,5631.08,4732,899.08,C,P,D
500000028,33,2015-01-29,33,2015-02-12,,100000008,EUR,1405.39,1181,224.39,C,P,D
500000029,33,2015-01-30,33,2015-02-13,,100000004,EUR,761.24,639.7,121.54,N,I,I
500000030,33,2015-01-31,33,2015-02-14,,100000006,EUR,101299.22,85125.4,16173.82,P,I,D
500000031,33,2015-02-01,33,2015-02-15,,100000004,EUR,250.73,210.7,40.03,C,P,D
500000032,33,2015-02-02,33,2015-02-16,,100000006,EUR,10549.35,8865,1684.35,N,I,I
500000033,33,2015-02-03,33,2015-02-17,,100000009,EUR,195.16,164,31.16,N,I,I
500000034,33,2015-02-04,33,2015-02-18,,100000000,EUR,107100,90000,17100,N,I,I
500000035,33,2015-02-05,33,2015-02-19,,100000002,EUR,4415.73,3710.7,705.03,P,P,I
500000036,33,2015-02-06,33,2015-02-20,,100000003,EUR,325.94,273.9,52.04,X,I,I
500000037,33,2015-02-07,33,2015-02-21,,100000005,EUR,24220.07,20353,3867.07,P,P,D
500000038,33,2015-02-08,33,2015-02-22,,100000006,EUR,4499.87,3781.4,718.47,C,P,D
500000039,33,2015-02-09,33,2015-02-23,,100000006,EUR,2727.24,2291.8,435.44,C,P,D
500000040,33,2015-02-10,33,2015-02-24,,100000008,EUR,530.62,445.9,84.72,N,I,I
500000041,33,2015-02-11,33,2015-02-25,,100000004,EUR,803.25,675,128.25,C,P,D
500000042,33,2015-02-12,33,2015-02-26,,100000002,EUR,178.14,149.7,28.44,X,I,I
500000043,33,2015-02-13,33,2015-02-27,,100000005,EUR,871.55,732.4,139.15,P,P,D
500000044,33,2015-02-14,33,2015-02-28,,100000009,EUR,6543.8,5499,1044.8,C,P,D
500000045,33,2015-02-15,33,2015-02-28,,100000000,EUR,113032.74,94985.5,18047.24,C,P,D
500000046,33,2015-02-16,33,2015-03-01,,100000002,EUR,114.24,96,18.24,X,I,I
500000047,33,2015-02-17,33,2015-03-02,,100000008,EUR,521.22,438,83.22,C,P,D
500000048,33,2015-02-18,33,2015-03-03,,100000006,EUR,411.5,345.8,65.7,C,P,D
500000049,33,2015-02-19,33,2015-03-04,,100000005,EUR,11379.97,9563,1816.97,N,I,I
500000050,33,2015-02-20,33,2015-03-05,,100000026,EUR,26581.03,22337,4244.03,N,I,I
500000051,33,2015-02-21,33,2015-03-06,,100000025,EUR,9417.66,7914,1503.66,C,P,D
500000052,33,2015-02-22,33,2015-03-07,,100000022,EUR,5631.08,4732,899.08,X,I,I
500000053,33,2015-02-23,33,2015-03-08,,100000024,EUR,1405.39,1181,224.39,C,P,D
500000054,33,2015-02-24,33,2015-03-09,,100000024,EUR,761.24,639.7,121.54,P,I,I
500000055,33,2015-02-25,33,2015-03-10,,100000021,EUR,101299.22,85125.4,16173.82,C,P,D
500000056,33,2015-02-26,33,2015-03-11,,100000023,EUR,250.73,210.7,40.03,C,P,D
500000057,33,2015-02-27,33,2015-03-12,,100000019,EUR,10549.35,8865,1684.35,N,I,I
500000058,33,2015-02-28,33,2015-03-13,,100000026,EUR,195.16,164,31.16,X,I,I
500000059,33,2015-02-28,33,2015-03-14,,100000026,EUR,3972.22,3338,634.22,P,I,D
500000060,33,2015-03-01,33,2015-03-15,,100000025,EUR,3598.92,3024.3,574.62,P,P,I
500000061,33,2015-03-02,33,2015-03-16,,100000019,EUR,325.94,273.9,52.04,C,P,D
500000062,33,2015-03-03,33,2015-03-17,,100000022,EUR,24395,20500,3895,N,I,I
500000063,33,2015-03-04,33,2015-03-18,,100000024,EUR,5527.55,4645,882.55,P,I,D
500000064,33,2015-03-05,33,2015-03-19,,100000024,EUR,3459.33,2907,552.33,N,I,I
500000065,33,2015-03-06,33,2015-03-20,,100000021,EUR,852.04,716,136.04,C,P,D
500000066,33,2015-03-07,33,2015-03-21,,100000019,EUR,1916.5,1610.5,306,N,I,I
500000067,33,2015-03-08,33,2015-03-22,,100000022,EUR,178.14,149.7,28.44,C,P,D
500000068,33,2015-03-09,33,2015-03-23,,100000025,EUR,871.55,732.4,139.15,P,P,I
500000069,33,2015-03-10,33,2015-03-24,,100000026,EUR,1028.15,864,164.15,N,I,I
500000070,33,2015-03-11,33,2015-03-25,,100000026,EUR,5523.38,4641.5,881.88,X,I,I
500000071,33,2015-03-12,33,2015-03-26,,100000025,EUR,187.54,157.6,29.94,N,I,I
500000072,33,2015-03-13,33,2015-03-27,,100000024,EUR,521.22,438,83.22,N,I,I
500000073,33,2015-03-14,33,2015-03-28,,100000021,EUR,411.5,345.8,65.7,N,I,I
500000074,33,2015-03-15,33,2015-03-29,,100000022,EUR,11552.52,9708,1844.52,C,P,D
500000075,33,2015-03-16,33,2015-03-30,,100000023,EUR,26581.03,22337,4244.03,X,I,I
500000076,33,2015-03-17,33,2015-03-31,,100000023,EUR,9417.66,7914,1503.66,P,I,D
500000077,33,2015-03-18,33,2015-04-01,,100000023,EUR,5631.08,4732,899.08,C,P,D
500000078,33,2015-03-19,33,2015-04-02,,100000021,EUR,1405.39,1181,224.39,C,P,D
500000079,33,2015-03-20,33,2015-04-03,,100000019,EUR,761.24,639.7,121.54,N,I,I
500000080,33,2015-03-21,33,2015-04-04,,100000024,EUR,101299.22,85125.4,16173.82,P,I,D
500000081,33,2015-03-22,33,2015-04-05,,100000019,EUR,250.73,210.7,40.03,C,P,D
500000082,33,2015-03-23,33,2015-04-06,,100000024,EUR,10549.35,8865,1684.35,N,I,I
500000083,33,2015-03-24,33,2015-04-07,,100000026,EUR,195.16,164,31.16,C,P,D
500000084,33,2015-03-25,33,2015-04-08,,100000026,EUR,107100,90000,17100,C,P,D
500000085,33,2015-03-26,33,2015-04-09,,100000025,EUR,4415.73,3710.7,705.03,X,I,I
500000086,33,2015-03-27,33,2015-04-10,,100000023,EUR,325.94,273.9,52.04,C,P,D
500000087,33,2015-03-28,33,2015-04-11,,100000022,EUR,24220.07,20353,3867.07,X,I,I
500000088,33,2015-03-29,33,2015-04-12,,100000024,EUR,4499.87,3781.4,718.47,P,I,D
500000089,33,2015-03-30,33,2015-04-13,,100000024,EUR,2727.24,2291.8,435.44,N,I,I
500000090,33,2015-03-31,33,2015-04-14,,100000021,EUR,530.62,445.9,84.72,N,I,I
500000091,33,2015-04-01,33,2015-04-15,,100000019,EUR,803.25,675,128.25,N,I,I
500000092,33,2015-04-02,33,2015-04-16,,100000025,EUR,178.14,149.7,28.44,X,I,I
500000093,33,2015-04-03,33,2015-04-17,,100000022,EUR,871.55,732.4,139.15,X,I,I
500000094,33,2015-04-04,33,2015-04-18,,100000026,EUR,6543.8,5499,1044.8,C,P,D
500000095,33,2015-04-05,33,2015-04-19,,100000026,EUR,113032.74,94985.5,18047.24,X,I,I
500000096,33,2015-04-06,33,2015-04-20,,100000025,EUR,114.24,96,18.24,C,P,D
500000097,33,2015-04-07,33,2015-04-21,,100000021,EUR,521.22,438,83.22,P,P,D
500000098,33,2015-04-08,33,2015-04-22,,100000024,EUR,411.5,345.8,65.7,C,P,D
500000099,33,2015-04-09,33,2015-04-23,,100000022,EUR,11379.97,9563,1816.97,X,I,I
500000100,33,2015-04-10,33,2015-04-24,,100000012,EUR,26581.03,22337,4244.03,X,I,I
500000101,33,2015-04-11,33,2015-04-25,,100000011,EUR,9417.66,7914,1503.66,X,I,I
500000102,33,2015-04-12,33,2015-04-26,,100000015,EUR,5631.08,4732,899.08,P,I,I
500000103,33,2015-04-13,33,2015-04-27,,100000013,EUR,1405.39,1181,224.39,N,I,I
500000104,33,2015-04-14,33,2015-04-28,,100000013,EUR,761.24,639.7,121.54,C,P,D
500000105,33,2015-04-15,33,2015-04-29,,100000014,EUR,101299.22,85125.4,16173.82,X,I,I
500000106,33,2015-04-16,33,2015-04-30,,100000016,EUR,250.73,210.7,40.03,C,P,D
500000107,33,2015-04-17,33,2015-05-01,,100000017,EUR,10549.35,8865,1684.35,C,P,D
500000108,33,2015-04-18,33,2015-05-02,,100000018,EUR,195.16,164,31.16,P,I,D
500000109,33,2015-04-19,33,2015-05-03,,100000012,EUR,3972.22,3338,634.22,P,I,I
500000110,33,2015-04-20,33,2015-05-04,,100000011,EUR,3598.92,3024.3,574.62,P,I,D
500000111,33,2015-04-21,33,2015-05-05,,100000017,EUR,325.94,273.9,52.04,N,I,I
500000112,33,2015-04-22,33,2015-05-06,,100000015,EUR,24395,20500,3895,X,I,I
500000113,33,2015-04-23,33,2015-05-07,,100000013,EUR,5527.55,4645,882.55,N,I,I
500000114,33,2015-04-24,33,2015-05-08,,100000013,EUR,3459.33,2907,552.33,X,I,I
500000115,33,2015-04-25,33,2015-05-09,,100000014,EUR,852.04,716,136.04,P,I,I
500000116,33,2015-04-26,33,2015-05-10,,100000017,EUR,1916.5,1610.5,306,N,I,I
500000117,33,2015-04-27,33,2015-05-11,,100000015,EUR,178.14,149.7,28.44,P,P,D
500000118,33,2015-04-28,33,2015-05-12,,100000011,EUR,871.55,732.4,139.15,P,I,D
500000119,33,2015-04-29,33,2015-05-13,,100000018,EUR,1028.15,864,164.15,N,I,I
500000120,33,2015-04-30,33,2015-05-14,,100000012,EUR,5523.38,4641.5,881.88,X,I,I
500000121,33,2015-05-01,33,2015-05-15,,100000011,EUR,187.54,157.6,29.94,X,I,I
500000122,33,2015-05-02,33,2015-05-16,,100000013,EUR,521.22,438,83.22,N,I,I
500000123,33,2015-05-03,33,2015-05-17,,100000014,EUR,411.5,345.8,65.7,X,I,I
500000124,33,2015-05-04,33,2015-05-18,,100000015,EUR,11552.52,9708,1844.52,C,P,D
500000125,33,2015-05-05,33,2015-05-19,,100000016,EUR,26581.03,22337,4244.03,C,P,D
500000126,33,2015-05-06,33,2015-05-20,,100000016,EUR,9417.66,7914,1503.66,C,P,D
500000127,33,2015-05-07,33,2015-05-21,,100000016,EUR,5631.08,4732,899.08,C,P,D
500000128,33,2015-05-08,33,2015-05-22,,100000014,EUR,1405.39,1181,224.39,X,I,I
500000129,33,2015-05-09,33,2015-05-23,,100000017,EUR,761.24,639.7,121.54,C,P,D
500000130,33,2015-05-10,33,2015-05-24,,100000013,EUR,101299.22,85125.4,16173.82,C,P,D
500000131,33,2015-05-11,33,2015-05-25,,100000017,EUR,250.73,210.7,40.03,P,P,D
500000132,33,2015-05-12,33,2015-05-26,,100000013,EUR,10549.35,8865,1684.35,P,I,D
500000133,33,2015-05-13,33,2015-05-27,,100000018,EUR,195.16,164,31.16,C,P,D
500000134,33,2015-05-14,33,2015-05-28,,100000012,EUR,107100,90000,17100,P,P,I
500000135,33,2015-05-15,33,2015-05-29,,100000011,EUR,4415.73,3710.7,705.03,N,I,I
500000136,33,2015-05-16,33,2015-05-30,,100000016,EUR,325.94,273.9,52.04,X,I,I
500000137,33,2015-05-17,33,2015-05-31,,100000015,EUR,24220.07,20353,3867.07,P,I,D
500000138,33,2015-05-18,33,2015-06-01,,100000013,EUR,4499.87,3781.4,718.47,C,P,D
500000139,33,2015-05-19,33,2015-06-02,,100000013,EUR,2727.24,2291.8,435.44,P,P,D
500000140,33,2015-05-20,33,2015-06-03,,100000014,EUR,530.62,445.9,84.72,C,P,D
500000141,33,2015-05-21,33,2015-06-04,,100000017,EUR,803.25,675,128.25,P,I,I
500000142,33,2015-05-22,33,2015-06-05,,100000011,EUR,178.14,149.7,28.44,P,I,D
500000143,33,2015-05-23,33,2015-06-06,,100000015,EUR,871.55,732.4,139.15,P,P,I
500000144,33,2015-05-24,33,2015-06-07,,100000018,EUR,6543.8,5499,1044.8,X,I,I
500000145,33,2015-05-25,33,2015-06-08,,100000012,EUR,113032.74,94985.5,18047.24,P,I,D
500000146,33,2015-05-26,33,2015-06-09,,100000011,EUR,114.24,96,18.24,P,P,I
500000147,33,2015-05-27,33,2015-06-10,,100000014,EUR,521.22,438,83.22,N,I,I
500000148,33,2015-05-28,33,2015-06-11,,100000013,EUR,411.5,345.8,65.7,C,P,D
500000149,33,2015-05-29,33,2015-06-12,,100000015,EUR,11379.97,9563,1816.97,C,P,D
500000150,33,2015-05-30,33,2015-06-13,,100000028,EUR,26581.03,22337,4244.03,P,P,I
500000151,33,2015-05-31,33,2015-06-14,,100000030,EUR,9417.66,7914,1503.66,C,P,D
500000152,33,2015-06-01,33,2015-06-15,,100000031,EUR,5631.08,4732,899.08,N,I,I
500000153,33,2015-06-02,33,2015-06-16,,100000032,EUR,1405.39,1181,224.39,N,I,I
500000154,33,2015-06-03,33,2015-06-17,,100000032,EUR,761.24,639.7,121.54,C,P,D
500000155,33,2015-06-04,33,2015-06-18,,100000033,EUR,101299.22,85125.4,16173.82,C,P,D
500000156,33,2015-06-05,33,2015-06-19,,100000034,EUR,250.73,210.7,40.03,X,I,I
500000157,33,2015-06-06,33,2015-06-20,,100000035,EUR,10549.35,8865,1684.35,X,I,I
500000158,33,2015-06-07,33,2015-06-21,,100000027,EUR,195.16,164,31.16,X,I,I
500000159,33,2015-06-08,33,2015-06-22,,100000028,EUR,3972.22,3338,634.22,P,I,I
500000160,33,2015-06-09,33,2015-06-23,,100000030,EUR,3598.92,3024.3,574.62,X,I,I
500000161,33,2015-06-10,33,2015-06-24,,100000035,EUR,325.94,273.9,52.04,X,I,I
500000162,33,2015-06-11,33,2015-06-25,,100000031,EUR,24395,20500,3895,P,P,I
500000163,33,2015-06-12,33,2015-06-26,,100000032,EUR,5527.55,4645,882.55,C,P,D
500000164,33,2015-06-13,33,2015-06-27,,100000032,EUR,3459.33,2907,552.33,X,I,I
500000165,33,2015-06-14,33,2015-06-28,,100000033,EUR,852.04,716,136.04,X,I,I
500000166,33,2015-06-15,33,2015-06-29,,100000035,EUR,1916.5,1610.5,306,C,P,D
500000167,33,2015-06-16,33,2015-06-30,,100000031,EUR,178.14,149.7,28.44,X,I,I
500000168,33,2015-06-17,33,2015-07-01,,100000030,EUR,871.55,732.4,139.15,N,I,I
500000169,33,2015-06-18,33,2015-07-02,,100000027,EUR,1028.15,864,164.15,N,I,I
500000170,33,2015-06-19,33,2015-07-03,,100000028,EUR,5523.38,4641.5,881.88,C,P,D
500000171,33,2015-06-20,33,2015-07-04,,100000030,EUR,187.54,157.6,29.94,X,I,I
500000172,33,2015-06-21,33,2015-07-05,,100000032,EUR,521.22,438,83.22,P,P,I
500000173,33,2015-06-22,33,2015-07-06,,100000033,EUR,411.5,345.8,65.7,X,I,I
500000174,33,2015-06-23,33,2015-07-07,,100000031,EUR,11552.52,9708,1844.52,C,P,D
500000175,33,2015-06-24,33,2015-07-08,,100000034,EUR,26581.03,22337,4244.03,N,I,I
500000176,33,2015-06-25,33,2015-07-09,,100000034,EUR,9417.66,7914,1503.66,C,P,D
500000177,33,2015-06-26,33,2015-07-10,,100000034,EUR,5631.08,4732,899.08,C,P,D
500000178,33,2015-06-27,33,2015-07-11,,100000033,EUR,1405.39,1181,224.39,P,I,D
500000179,33,2015-06-28,33,2015-07-12,,100000035,EUR,761.24,639.7,121.54,C,P,D
500000180,33,2015-06-29,33,2015-07-13,,100000032,EUR,101299.22,85125.4,16173.82,X,I,I
500000181,33,2015-06-30,33,2015-07-14,,100000035,EUR,250.73,210.7,40.03,C,P,D
500000182,33,2015-07-01,33,2015-07-15,,100000032,EUR,10549.35,8865,1684.35,X,I,I
500000183,33,2015-07-02,33,2015-07-16,,100000027,EUR,195.16,164,31.16,P,I,I
500000184,33,2015-07-03,33,2015-07-17,,100000028,EUR,107100,90000,17100,P,P,D
500000185,33,2015-07-04,33,2015-07-18,,100000030,EUR,4415.73,3710.7,705.03,C,P,D
500000186,33,2015-07-05,33,2015-07-19,,100000034,EUR,325.94,273.9,52.04,N,I,I
500000187,33,2015-07-06,33,2015-07-20,,100000031,EUR,24220.07,20353,3867.07,P,P,I
500000188,33,2015-07-07,33,2015-07-21,,100000032,EUR,4499.87,3781.4,718.47,P,I,D
500000189,33,2015-07-08,33,2015-07-22,,100000032,EUR,2727.24,2291.8,435.44,N,I,I
500000190,33,2015-07-09,33,2015-07-23,,100000033,EUR,530.62,445.9,84.72,P,I,I
500000191,33,2015-07-10,33,2015-07-24,,100000035,EUR,803.25,675,128.25,C,P,D
500000192,33,2015-07-11,33,2015-07-25,,100000030,EUR,178.14,149.7,28.44,P,P,D
500000193,33,2015-07-12,33,2015-07-26,,100000031,EUR,871.55,732.4,139.15,X,I,I
500000194,33,2015-07-13,33,2015-07-27,,100000027,EUR,6543.8,5499,1044.8,C,P,D
500000195,33,2015-07-14,33,2015-07-28,,100000028,EUR,113032.74,94985.5,18047.24,N,I,I
500000196,33,2015-07-15,33,2015-07-29,,100000030,EUR,114.24,96,18.24,C,P,D
500000197,33,2015-07-16,33,2015-07-30,,100000033,EUR,521.22,438,83.22,X,I,I
500000198,33,2015-07-17,33,2015-07-31,,100000032,EUR,411.5,345.8,65.7,P,P,I
500000199,33,2015-07-18,33,2015-08-01,,100000031,EUR,11379.97,9563,1816.97,X,I,I
500000200,33,2015-07-19,33,2015-08-02,,100000044,EUR,26581.03,22337,4244.03,N,I,I
500000201,33,2015-07-20,33,2015-08-03,,100000036,EUR,9417.66,7914,1503.66,N,I,I
500000202,33,2015-07-21,33,2015-08-04,,100000038,EUR,5631.08,4732,899.08,X,I,I
500000203,33,2015-07-22,33,2015-08-05,,100000037,EUR,1405.39,1181,224.39,C,P,D
500000204,33,2015-07-23,33,2015-08-06,,100000037,EUR,761.24,639.7,121.54,P,P,I
500000205,33,2015-07-24,33,2015-08-07,,100000042,EUR,101299.22,85125.4,16173.82,C,P,D
500000206,33,2015-07-25,33,2015-08-08,,100000044,EUR,250.73,210.7,40.03,C,P,D
500000207,33,2015-07-26,33,2015-08-09,,100000041,EUR,10549.35,8865,1684.35,P,P,I
500000208,33,2015-07-27,33,2015-08-10,,100000043,EUR,195.16,164,31.16,P,I,I
500000209,33,2015-07-28,33,2015-08-11,,100000044,EUR,3972.22,3338,634.22,C,P,D
500000210,33,2015-07-29,33,2015-08-12,,100000036,EUR,3598.92,3024.3,574.62,C,P,D
500000211,33,2015-07-30,33,2015-08-13,,100000041,EUR,325.94,273.9,52.04,X,I,I
500000212,33,2015-07-31,33,2015-08-14,,100000038,EUR,24395,20500,3895,C,P,D
500000213,33,2015-08-01,33,2015-08-15,,100000037,EUR,5527.55,4645,882.55,P,I,I
500000214,33,2015-08-02,33,2015-08-16,,100000037,EUR,3459.33,2907,552.33,P,P,D
500000215,33,2015-08-03,33,2015-08-17,,100000042,EUR,852.04,716,136.04,X,I,I
500000216,33,2015-08-04,33,2015-08-18,,100000041,EUR,1916.5,1610.5,306,N,I,I
500000217,33,2015-08-05,33,2015-08-19,,100000038,EUR,178.14,149.7,28.44,X,I,I
500000218,33,2015-08-06,33,2015-08-20,,100000036,EUR,871.55,732.4,139.15,N,I,I
500000219,33,2015-08-07,33,2015-08-21,,100000043,EUR,1028.15,864,164.15,P,I,I
500000220,33,2015-08-08,33,2015-08-22,,100000044,EUR,5523.38,4641.5,881.88,P,I,I
500000221,33,2015-08-09,33,2015-08-23,,100000036,EUR,187.54,157.6,29.94,N,I,I
500000222,33,2015-08-10,33,2015-08-24,,100000037,EUR,521.22,438,83.22,X,I,I
500000223,33,2015-08-11,33,2015-08-25,,100000042,EUR,411.5,345.8,65.7,N,I,I
500000224,33,2015-08-12,33,2015-08-26,,100000038,EUR,11552.52,9708,1844.52,C,P,D
500000225,33,2015-08-13,33,2015-08-27,,100000044,EUR,26581.03,22337,4244.03,X,I,I
500000226,33,2015-08-14,33,2015-08-28,,100000044,EUR,9417.66,7914,1503.66,N,I,I
500000227,33,2015-08-15,33,2015-08-29,,100000044,EUR,5631.08,4732,899.08,X,I,I
500000228,33,2015-08-16,33,2015-08-30,,100000042,EUR,1405.39,1181,224.39,C,P,D
500000229,33,2015-08-17,33,2015-08-31,,100000041,EUR,761.24,639.7,121.54,N,I,I
500000230,33,2015-08-18,33,2015-09-01,,100000037,EUR,101299.22,85125.4,16173.82,X,I,I
500000231,33,2015-08-19,33,2015-09-02,,100000041,EUR,250.73,210.7,40.03,N,I,I
500000232,33,2015-08-20,33,2015-09-03,,100000037,EUR,10549.35,8865,1684.35,N,I,I
500000233,33,2015-08-21,33,2015-09-04,,100000043,EUR,195.16,164,31.16,C,P,D
500000234,33,2015-08-22,33,2015-09-05,,100000044,EUR,107100,90000,17100,X,I,I
500000235,33,2015-08-23,33,2015-09-06,,100000036,EUR,4415.73,3710.7,705.03,N,I,I
500000236,33,2015-08-24,33,2015-09-07,,100000044,EUR,325.94,273.9,52.04,N,I,I
500000237,33,2015-08-25,33,2015-09-08,,100000038,EUR,24220.07,20353,3867.07,C,P,D
500000238,33,2015-08-26,33,2015-09-09,,100000037,EUR,4499.87,3781.4,718.47,P,P,I
500000239,33,2015-08-27,33,2015-09-10,,100000037,EUR,2727.24,2291.8,435.44,P,I,D
500000240,33,2015-08-28,33,2015-09-11,,100000042,EUR,530.62,445.9,84.72,X,I,I
500000241,33,2015-08-29,33,2015-09-12,,100000041,EUR,803.25,675,128.25,P,I,D
500000242,33,2015-08-30,33,2015-09-13,,100000036,EUR,178.14,149.7,28.44,N,I,I
500000243,33,2015-08-31,33,2015-09-14,,100000038,EUR,871.55,732.4,139.15,X,I,I
500000244,33,2015-09-01,33,2015-09-15,,100000043,EUR,6543.8,5499,1044.8,X,I,I
500000245,33,2015-09-02,33,2015-09-16,,100000044,EUR,113032.74,94985.5,18047.24,X,I,I
500000246,33,2015-09-03,33,2015-09-17,,100000036,EUR,114.24,96,18.24,N,I,I
500000247,33,2015-09-04,33,2015-09-18,,100000042,EUR,521.22,438,83.22,P,I,D
500000248,33,2015-09-05,33,2015-09-19,,100000037,EUR,411.5,345.8,65.7,X,I,I
500000249,33,2015-09-06,33,2015-09-20,,100000038,EUR,11379.97,9563,1816.97,C,P,D
500000250,33,2015-09-07,33,2015-09-21,,100000000,EUR,26581.03,22337,4244.03,N,I,I
500000251,33,2015-09-08,33,2015-09-22,,100000002,EUR,9417.66,7914,1503.66,C,P,D
500000252,33,2015-09-09,33,2015-09-23,,100000005,EUR,5631.08,4732,899.08,N,I,I
500000253,33,2015-09-10,33,2015-09-24,,100000006,EUR,1405.39,1181,224.39,C,P,D
500000254,33,2015-09-11,33,2015-09-25,,100000006,EUR,761.24,639.7,121.54,X,I,I
500000255,33,2015-09-12,33,2015-09-26,,100000008,EUR,101299.22,85125.4,16173.82,C,P,D
500000256,33,2015-09-13,33,2015-09-27,,100000003,EUR,250.73,210.7,40.03,N,I,I
500000257,33,2015-09-14,33,2015-09-28,,100000004,EUR,10549.35,8865,1684.35,P,I,D
500000258,33,2015-09-15,33,2015-09-29,,100000009,EUR,195.16,164,31.16,C,P,D
500000259,33,2015-09-16,33,2015-09-30,,100000000,EUR,3972.22,3338,634.22,X,I,I
500000260,33,2015-09-17,33,2015-10-01,,100000002,EUR,3598.92,3024.3,574.62,C,P,D
500000261,33,2015-09-18,33,2015-10-02,,100000004,EUR,325.94,273.9,52.04,C,P,D
500000262,33,2015-09-19,33,2015-10-03,,100000005,EUR,24395,20500,3895,X,I,I
500000263,33,2015-09-20,33,2015-10-04,,100000006,EUR,5527.55,4645,882.55,X,I,I
500000264,33,2015-09-21,33,2015-10-05,,100000006,EUR,3459.33,2907,552.33,X,I,I
500000265,33,2015-09-22,33,2015-10-06,,100000008,EUR,852.04,716,136.04,P,P,I
500000266,33,2015-09-23,33,2015-10-07,,100000004,EUR,1916.5,1610.5,306,P,P,D
500000267,33,2015-09-24,33,2015-10-08,,100000005,EUR,178.14,149.7,28.44,P,P,I
500000268,33,2015-09-25,33,2015-10-09,,100000002,EUR,871.55,732.4,139.15,P,P,I
500000269,33,2015-09-26,33,2015-10-10,,100000009,EUR,1028.15,864,164.15,X,I,I
500000270,33,2015-09-27,33,2015-10-11,,100000000,EUR,5523.38,4641.5,881.88,X,I,I
500000271,33,2015-09-28,33,2015-10-12,,100000002,EUR,187.54,157.6,29.94,P,P,D
500000272,33,2015-09-29,33,2015-10-13,,100000006,EUR,521.22,438,83.22,C,P,D
500000273,33,2015-09-30,33,2015-10-14,,100000008,EUR,411.5,345.8,65.7,P,P,D
500000274,33,2015-10-01,33,2015-10-15,,100000005,EUR,11552.52,9708,1844.52,C,P,D
500000275,33,2015-10-02,33,2015-10-16,,100000003,EUR,26581.03,22337,4244.03,N,I,I
500000276,33,2015-10-03,33,2015-10-17,,100000003,EUR,9417.66,7914,1503.66,C,P,D
500000277,33,2015-10-04,33,2015-10-18,,100000003,EUR,5631.08,4732,899.08,P,I,I
500000278,33,2015-10-05,33,2015-10-19,,100000008,EUR,1405.39,1181,224.39,P,P,D
500000279,33,2015-10-06,33,2015-10-20,,100000004,EUR,761.24,639.7,121.54,P,P,I
500000280,33,2015-10-07,33,2015-10-21,,100000006,EUR,101299.22,85125.4,16173.82,P,I,I
500000281,33,2015-10-08,33,2015-10-22,,100000004,EUR,250.73,210.7,40.03,C,P,D
500000282,33,2015-10-09,33,2015-10-23,,100000006,EUR,10549.35,8865,1684.35,X,I,I
500000283,33,2015-10-10,33,2015-10-24,,100000009,EUR,195.16,164,31.16,N,I,I
500000284,33,2015-10-11,33,2015-10-25,,100000000,EUR,107100,90000,17100,P,P,I
500000285,33,2015-10-12,33,2015-10-26,,100000002,EUR,4415.73,3710.7,705.03,P,I,I
500000286,33,2015-10-13,33,2015-10-27,,100000003,EUR,325.94,273.9,52.04,C,P,D
500000287,33,2015-10-14,33,2015-10-28,,100000005,EUR,24220.07,20353,3867.07,N,I,I
500000288,33,2015-10-15,33,2015-10-29,,100000006,EUR,4499.87,3781.4,718.47,P,P,D
500000289,33,2015-10-16,33,2015-10-30,,100000006,EUR,2727.24,2291.8,435.44,N,I,I
500000290,33,2015-10-17,33,2015-10-31,,100000008,EUR,530.62,445.9,84.72,N,I,I
500000291,33,2015-10-18,33,2015-11-01,,100000004,EUR,803.25,675,128.25,C,P,D
500000292,33,2015-10-19,33,2015-11-02,,100000002,EUR,178.14,149.7,28.44,N,I,I
500000293,33,2015-10-20,33,2015-11-03,,100000005,EUR,871.55,732.4,139.15,X,I,I
500000294,33,2015-10-21,33,2015-11-04,,100000009,EUR,6543.8,5499,1044.8,N,I,I
500000295,33,2015-10-22,33,2015-11-05,,100000000,EUR,113032.74,94985.5,18047.24,X,I,I
500000296,33,2015-10-23,33,2015-11-06,,100000002,EUR,114.24,96,18.24,N,I,I
500000297,33,2015-10-24,33,2015-11-07,,100000008,EUR,521.22,438,83.22,X,I,I
500000298,33,2015-10-25,33,2015-11-08,,100000006,EUR,411.5,345.8,65.7,X,I,I
500000299,33,2015-10-26,33,2015-11-09,,100000005,EUR,11379.97,9563,1816.97,C,P,D
500000300,33,2015-10-27,33,2015-11-10,,100000026,EUR,26581.03,22337,4244.03,X,I,I
500000301,33,2015-10-28,33,2015-11-11,,100000025,EUR,9417.66,7914,1503.66,P,I,I
500000302,33,2015-10-29,33,2015-11-12,,100000022,EUR,5631.08,4732,899.08,N,I,I
500000303,33,2015-10-30,33,2015-11-13,,100000024,EUR,1405.39,1181,224.39,C,P,D
500000304,33,2015-10-31,33,2015-11-14,,100000024,EUR,761.24,639.7,121.54,X,I,I
500000305,33,2015-11-01,33,2015-11-15,,100000021,EUR,101299.22,85125.4,16173.82,N,I,I
500000306,33,2015-11-02,33,2015-11-16,,100000023,EUR,250.73,210.7,40.03,N,I,I
500000307,33,2015-11-03,33,2015-11-17,,100000019,EUR,10549.35,8865,1684.35,X,I,I
500000308,33,2015-11-04,33,2015-11-18,,100000026,EUR,195.16,164,31.16,N,I,I
500000309,33,2015-11-05,33,2015-11-19,,100000026,EUR,3972.22,3338,634.22,P,I,D
500000310,33,2015-11-06,33,2015-11-20,,100000025,EUR,3598.92,3024.3,574.62,X,I,I
500000311,33,2015-11-07,33,2015-11-21,,100000019,EUR,325.94,273.9,52.04,C,P,D
500000312,33,2015-11-08,33,2015-11-22,,100000022,EUR,24395,20500,3895,C,P,D
500000313,33,2015-11-09,33,2015-11-23,,100000024,EUR,5527.55,4645,882.55,P,P,I
500000314,33,2015-11-10,33,2015-11-24,,100000024,EUR,3459.33,2907,552.33,C,P,D
500000315,33,2015-11-11,33,2015-11-25,,100000021,EUR,852.04,716,136.04,X,I,I
500000316,33,2015-11-12,33,2015-11-26,,100000019,EUR,1916.5,1610.5,306,X,I,I
500000317,33,2015-11-13,33,2015-11-27,,100000022,EUR,178.14,149.7,28.44,X,I,I
500000318,33,2015-11-14,33,2015-11-28,,100000025,EUR,871.55,732.4,139.15,C,P,D
500000319,33,2015-11-15,33,2015-11-29,,100000026,EUR,1028.15,864,164.15,X,I,I
500000320,33,2015-11-16,33,2015-11-30,,100000026,EUR,5523.38,4641.5,881.88,X,I,I
500000321,33,2015-11-17,33,2015-12-01,,100000025,EUR,187.54,157.6,29.94,P,I,I
500000322,33,2015-11-18,33,2015-12-02,,100000024,EUR,521.22,438,83.22,P,P,D
500000323,33,2015-11-19,33,2015-12-03,,100000021,EUR,411.5,345.8,65.7,N,I,I
500000324,33,2015-11-20,33,2015-12-04,,100000022,EUR,11552.52,9708,1844.52,P,I,I
500000325,33,2015-11-21,33,2015-12-05,,100000023,EUR,26581.03,22337,4244.03,P,P,I
500000326,33,2015-11-22,33,2015-12-06,,100000023,EUR,9417.66,7914,1503.66,N,I,I
500000327,33,2015-11-23,33,2015-12-07,,100000023,EUR,5631.08,4732,899.08,C,P,D
500000328,33,2015-11-24,33,2015-12-08,,100000021,EUR,1405.39,1181,224.39,P,I,D
500000329,33,2015-11-25,33,2015-12-09,,100000019,EUR,761.24,639.7,121.54,C,P,D
500000330,33,2015-11-26,33,2015-12-10,,100000024,EUR,101299.22,85125.4,16173.82,P,P,D
500000331,33,2015-11-27,33,2015-12-11,,100000019,EUR,250.73,210.7,40.03,N,I,I
500000332,33,2015-11-28,33,2015-12-12,,100000024,EUR,10549.35,8865,1684.35,X,I,I
500000333,33,2015-11-29,33,2015-12-13,,100000026,EUR,195.16,164,31.16,P,I,I
500000334,33,2015-11-30,33,2015-12-14,,100000026,EUR,107100,90000,17100,X,I,I
500000335,33,2015-12-01,33,2015-12-15,,100000025,EUR,4415.73,3710.7,705.03,X,I,I
500000336,33,2015-12-02,33,2015-12-16,,100000023,EUR,325.94,273.9,52.04,C,P,D
500000337,33,2015-12-03,33,2015-12-17,,100000022,EUR,24220.07,20353,3867.07,C,P,D
500000338,33,2015-12-04,33,2015-12-18,,100000024,EUR,4499.87,3781.4,718.47,X,I,I
500000339,33,2015-12-05,33,2015-12-19,,100000024,EUR,2727.24,2291.8,435.44,N,I,I
500000340,33,2015-12-06,33,2015-12-20,,100000021,EUR,530.62,445.9,84.72,X,I,I
500000341,33,2015-12-07,33,2015-12-21,,100000019,EUR,803.25,675,128.25,N,I,I
500000342,33,2015-12-08,33,2015-12-22,,100000025,EUR,178.14,149.7,28.44,C,P,D
500000343,33,2015-12-09,33,2015-12-23,,100000022,EUR,871.55,732.4,139.15,P,P,D
500000344,33,2015-12-10,33,2015-12-24,,100000026,EUR,6543.8,5499,1044.8,C,P,D
500000345,33,2015-12-11,33,2015-12-25,,100000026,EUR,113032.74,94985.5,18047.24,N,I,I
500000346,33,2015-12-12,33,2015-12-26,,100000025,EUR,114.24,96,18.24,X,I,I
500000347,33,2015-12-13,33,2015-12-27,,100000021,EUR,521.22,438,83.22,C,P,D
500000348,33,2015-12-14,33,2015-12-28,,100000024,EUR,411.5,345.8,65.7,P,P,D
500000349,33,2015-12-15,33,2015-12-29,,100000022,EUR,11379.97,9563,1816.97,X,I,I
500000350,33,2015-12-16,33,2015-12-30,,100000012,EUR,26581.03,22337,4244.03,N,I,I
500000351,33,2015-12-17,33,2015-12-31,,100000011,EUR,9417.66,7914,1503.66,X,I,I
500000352,33,2015-12-18,33,2014-01-01,,100000015,EUR,5631.08,4732,899.08,P,I,D
500000353,33,2015-12-19,33,2014-01-02,,100000013,EUR,1405.39,1181,224.39,C,P,D
500000354,33,2015-12-20,33,2014-01-03,,100000013,EUR,761.24,639.7,121.54,P,P,I
500000355,33,2015-12-21,33,2014-01-04,,100000014,EUR,101299.22,85125.4,16173.82,N,I,I
500000356,33,2015-12-22,33,2014-01-05,,100000016,EUR,250.73,210.7,40.03,C,P,D
500000357,33,2015-12-23,33,2014-01-06,,100000017,EUR,10549.35,8865,1684.35,N,I,I
500000358,33,2015-12-24,33,2014-01-07,,100000018,EUR,195.16,164,31.16,N,I,I
500000359,33,2015-12-25,33,2014-01-08,,100000012,EUR,3972.22,3338,634.22,X,I,I
500000360,33,2015-12-26,33,2014-01-09,,100000011,EUR,3598.92,3024.3,574.62,N,I,I
500000361,33,2015-12-27,33,2014-01-10,,100000017,EUR,325.94,273.9,52.04,N,I,I
500000362,33,2015-12-28,33,2014-01-11,,100000015,EUR,24395,20500,3895,C,P,D
500000363,33,2015-12-29,33,2014-01-12,,100000013,EUR,5527.55,4645,882.55,N,I,I
500000364,33,2015-12-30,33,2014-01-13,,100000013,EUR,3459.33,2907,552.33,C,P,D
500000365,33,2015-12-31,33,2014-01-14,,100000014,EUR,852.04,716,136.04,C,P,D
500000366,33,2015-01-01,33,2015-01-15,,100000017,EUR,1916.5,1610.5,306,X,I,I
500000367,33,2015-01-02,33,2015-01-16,,100000015,EUR,178.14,149.7,28.44,P,P,I
500000368,33,2015-01-03,33,2015-01-17,,100000011,EUR,871.55,732.4,139.15,C,P,D
500000369,33,2015-01-04,33,2015-01-18,,100000018,EUR,1028.15,864,164.15,N,I,I
500000370,33,2015-01-05,33,2015-01-19,,100000012,EUR,5523.38,4641.5,881.88,X,I,I
500000371,33,2015-01-06,33,2015-01-20,,100000011,EUR,187.54,157.6,29.94,C,P,D
500000372,33,2015-01-07,33,2015-01-21,,100000013,EUR,521.22,438,83.22,C,P,D
500000373,33,2015-01-08,33,2015-01-22,,100000014,EUR,411.5,345.8,65.7,C,P,D
500000374,33,2015-01-09,33,2015-01-23,,100000015,EUR,11552.52,9708,1844.52,N,I,I
500000375,33,2015-01-10,33,2015-01-24,,100000016,EUR,26581.03,22337,4244.03,N,I,I
500000376,33,2015-01-11,33,2015-01-25,,100000016,EUR,9417.66,7914,1503.66,X,I,I
500000377,33,2015-01-12,33,2015-01-26,,100000016,EUR,5631.08,4732,899.08,N,I,I
500000378,33,2015-01-13,33,2015-01-27,,100000014,EUR,1405.39,1181,224.39,P,I,I
500000379,33,2015-01-14,33,2015-01-28,,100000017,EUR,761.24,639.7,121.54,N,I,I
500000380,33,2015-01-15,33,2015-01-29,,100000013,EUR,101299.22,85125.4,16173.82,X,I,I
500000381,33,2015-01-16,33,2015-01-30,,100000017,EUR,250.73,210.7,40.03,N,I,I
500000382,33,2015-01-17,33,2015-01-31,,100000013,EUR,10549.35,8865,1684.35,P,I,I
500000383,33,2015-01-18,33,2015-02-01,,100000018,EUR,195.16,164,31.16,C,P,D
500000384,33,2015-01-19,33,2015-02-02,,100000012,EUR,107100,90000,17100,N,I,I
500000385,33,2015-01-20,33,2015-02-03,,100000011,EUR,4415.73,3710.7,705.03,X,I,I
500000386,33,2015-01-21,33,2015-02-04,,100000016,EUR,325.94,273.9,52.04,X,I,I
500000387,33,2015-01-22,33,2015-02-05,,100000015,EUR,24220.07,20353,3867.07,X,I,I
500000388,33,2015-01-23,33,2015-02-06,,100000013,EUR,4499.87,3781.4,718.47,X,I,I
500000389,33,2015-01-24,33,2015-02-07,,100000013,EUR,2727.24,2291.8,435.44,N,I,I
500000390,33,2015-01-25,33,2015-02-08,,100000014,EUR,530.62,445.9,84.72,P,I,D
500000391,33,2015-01-26,33,2015-02-09,,100000017,EUR,803.25,675,128.25,P,P,I
500000392,33,2015-01-27,33,2015-02-10,,100000011,EUR,178.14,149.7,28.44,C,P,D
500000393,33,2015-01-28,33,2015-02-11,,100000015,EUR,871.55,732.4,139.15,X,I,I
500000394,33,2015-01-29,33,2015-02-12,,100000018,EUR,6543.8,5499,1044.8,N,I,I
500000395,33,2015-01-30,33,2015-02-13,,100000012,EUR,113032.74,94985.5,18047.24,P,I,D
500000396,33,2015-01-31,33,2015-02-14,,100000011,EUR,114.24,96,18.24,P,P,D
500000397,33,2015-02-01,33,2015-02-15,,100000014,EUR,521.22,438,83.22,X,I,I
500000398,33,2015-02-02,33,2015-02-16,,100000013,EUR,411.5,345.8,65.7,P,P,D
500000399,33,2015-02-03,33,2015-02-17,,100000015,EUR,11379.97,9563,1816.97,X,I,I
500000400,33,2015-02-04,33,2015-02-18,,100000028,EUR,26581.03,22337,4244.03,C,P,D
500000401,33,2015-02-05,33,2015-02-19,,100000030,EUR,9417.66,7914,1503.66,P,I,I
500000402,33,2015-02-06,33,2015-02-20,,100000031,EUR,5631.08,4732,899.08,N,I,I
500000403,33,2015-02-07,33,2015-02-21,,100000032,EUR,1405.39,1181,224.39,X,I,I
500000404,33,2015-02-08,33,2015-02-22,,100000032,EUR,761.24,639.7,121.54,P,P,I
500000405,33,2015-02-09,33,2015-02-23,,100000033,EUR,101299.22,85125.4,16173.82,C,P,D
500000406,33,2015-02-10,33,2015-02-24,,100000034,EUR,250.73,210.7,40.03,X,I,I
500000407,33,2015-02-11,33,2015-02-25,,100000035,EUR,10549.35,8865,1684.35,X,I,I
500000408,33,2015-02-12,33,2015-02-26,,100000027,EUR,195.16,164,31.16,X,I,I
500000409,33,2015-02-13,33,2015-02-27,,100000028,EUR,3972.22,3338,634.22,C,P,D
500000410,33,2015-02-14,33,2015-02-28,,100000030,EUR,3598.92,3024.3,574.62,C,P,D
500000411,33,2015-02-15,33,2015-02-28,,100000035,EUR,325.94,273.9,52.04,X,I,I
500000412,33,2015-02-16,33,2015-03-01,,100000031,EUR,24395,20500,3895,X,I,I
500000413,33,2015-02-17,33,2015-03-02,,100000032,EUR,5527.55,4645,882.55,X,I,I
500000414,33,2015-02-18,33,2015-03-03,,100000032,EUR,3459.33,2907,552.33,P,I,I
500000415,33,2015-02-19,33,2015-03-04,,100000033,EUR,852.04,716,136.04,X,I,I
500000416,33,2015-02-20,33,2015-03-05,,100000035,EUR,1916.5,1610.5,306,X,I,I
500000417,33,2015-02-21,33,2015-03-06,,100000031,EUR,178.14,149.7,28.44,N,I,I
500000418,33,2015-02-22,33,2015-03-07,,100000030,EUR,871.55,732.4,139.15,C,P,D
500000419,33,2015-02-23,33,2015-03-08,,100000027,EUR,1028.15,864,164.15,N,I,I
500000420,33,2015-02-24,33,2015-03-09,,100000028,EUR,5523.38,4641.5,881.88,P,P,D
500000421,33,2015-02-25,33,2015-03-10,,100000030,EUR,187.54,157.6,29.94,X,I,I
500000422,33,2015-02-26,33,2015-03-11,,100000032,EUR,521.22,438,83.22,P,I,I
500000423,33,2015-02-27,33,2015-03-12,,100000033,EUR,411.5,345.8,65.7,C,P,D
500000424,33,2015-02-28,33,2015-03-13,,100000031,EUR,11552.52,9708,1844.52,C,P,D
500000425,33,2015-02-28,33,2015-03-14,,100000034,EUR,26581.03,22337,4244.03,N,I,I
500000426,33,2015-03-01,33,2015-03-15,,100000034,EUR,9417.66,7914,1503.66,C,P,D
500000427,33,2015-03-02,33,2015-03-16,,100000034,EUR,5631.08,4732,899.08,N,I,I
500000428,33,2015-03-03,33,2015-03-17,,100000033,EUR,1405.39,1181,224.39,N,I,I
500000429,33,2015-03-04,33,2015-03-18,,100000035,EUR,761.24,639.7,121.54,N,I,I
500000430,33,2015-03-05,33,2015-03-19,,100000032,EUR,101299.22,85125.4,16173.82,C,P,D
500000431,33,2015-03-06,33,2015-03-20,,100000035,EUR,250.73,210.7,40.03,C,P,D
500000432,33,2015-03-07,33,2015-03-21,,100000032,EUR,10549.35,8865,1684.35,P,I,D
500000433,33,2015-03-08,33,2015-03-22,,100000027,EUR,195.16,164,31.16,X,I,I
500000434,33,2015-03-09,33,2015-03-23,,100000028,EUR,107100,90000,17100,X,I,I
500000435,33,2015-03-10,33,2015-03-24,,100000030,EUR,4415.73,3710.7,705.03,C,P,D
500000436,33,2015-03-11,33,2015-03-25,,100000034,EUR,325.94,273.9,52.04,N,I,I
500000437,33,2015-03-12,33,2015-03-26,,100000031,EUR,24220.07,20353,3867.07,N,I,I
500000438,33,2015-03-13,33,2015-03-27,,100000032,EUR,4499.87,3781.4,718.47,P,P,D
500000439,33,2015-03-14,33,2015-03-28,,100000032,EUR,2727.24,2291.8,435.44,C,P,D
500000440,33,2015-03-15,33,2015-03-29,,100000033,EUR,530.62,445.9,84.72,P,I,I
500000441,33,2015-03-16,33,2015-03-30,,100000035,EUR,803.25,675,128.25,C,P,D
500000442,33,2015-03-17,33,2015-03-31,,100000030,EUR,178.14,149.7,28.44,P,P,I
500000443,33,2015-03-18,33,2015-04-01,,100000031,EUR,871.55,732.4,139.15,X,I,I
500000444,33,2015-03-19,33,2015-04-02,,100000027,EUR,6543.8,5499,1044.8,X,I,I
500000445,33,2015-03-20,33,2015-04-03,,100000028,EUR,113032.74,94985.5,18047.24,X,I,I
500000446,33,2015-03-21,33,2015-04-04,,100000030,EUR,114.24,96,18.24,N,I,I
500000447,33,2015-03-22,33,2015-04-05,,100000033,EUR,521.22,438,83.22,X,I,I
500000448,33,2015-03-23,33,2015-04-06,,100000032,EUR,411.5,345.8,65.7,N,I,I
500000449,33,2015-03-24,33,2015-04-07,,100000031,EUR,11379.97,9563,1816.97,P,P,I
500000450,33,2015-03-25,33,2015-04-08,,100000044,EUR,26581.03,22337,4244.03,P,I,D
500000451,33,2015-03-26,33,2015-04-09,,100000036,EUR,9417.66,7914,1503.66,X,I,I
500000452,33,2015-03-27,33,2015-04-10,,100000038,EUR,5631.08,4732,899.08,N,I,I
500000453,33,2015-03-28,33,2015-04-11,,100000037,EUR,1405.39,1181,224.39,C,P,D
500000454,33,2015-03-29,33,2015-04-12,,100000037,EUR,761.24,639.7,121.54,C,P,D
500000455,33,2015-03-30,33,2015-04-13,,100000042,EUR,101299.22,85125.4,16173.82,X,I,I
500000456,33,2015-03-31,33,2015-04-14,,100000044,EUR,250.73,210.7,40.03,N,I,I
500000457,33,2015-04-01,33,2015-04-15,,100000041,EUR,10549.35,8865,1684.35,C,P,D
500000458,33,2015-04-02,33,2015-04-16,,100000043,EUR,195.16,164,31.16,P,P,D
500000459,33,2015-04-03,33,2015-04-17,,100000044,EUR,3972.22,3338,634.22,N,I,I
500000460,33,2015-04-04,33,2015-04-18,,100000036,EUR,3598.92,3024.3,574.62,N,I,I
500000461,33,2015-04-05,33,2015-04-19,,100000041,EUR,325.94,273.9,52.04,N,I,I
500000462,33,2015-04-06,33,2015-04-20,,100000038,EUR,24395,20500,3895,P,P,D
500000463,33,2015-04-07,33,2015-04-21,,100000037,EUR,5527.55,4645,882.55,N,I,I
500000464,33,2015-04-08,33,2015-04-22,,100000037,EUR,3459.33,2907,552.33,P,I,D
500000465,33,2015-04-09,33,2015-04-23,,100000042,EUR,852.04,716,136.04,P,P,I
500000466,33,2015-04-10,33,2015-04-24,,100000041,EUR,1916.5,1610.5,306,N,I,I
500000467,33,2015-04-11,33,2015-04-25,,100000038,EUR,178.14,149.7,28.44,X,I,I
500000468,33,2015-04-12,33,2015-04-26,,100000036,EUR,871.55,732.4,139.15,C,P,D
500000469,33,2015-04-13,33,2015-04-27,,100000043,EUR,1028.15,864,164.15,N,I,I
500000470,33,2015-04-14,33,2015-04-28,,100000044,EUR,5523.38,4641.5,881.88,P,P,D
500000471,33,2015-04-15,33,2015-04-29,,100000036,EUR,187.54,157.6,29.94,P,I,I
500000472,33,2015-04-16,33,2015-04-30,,100000037,EUR,521.22,438,83.22,N,I,I
500000473,33,2015-04-17,33,2015-05-01,,100000042,EUR,411.5,345.8,65.7,P,P,D
500000474,33,2015-04-18,33,2015-05-02,,100000038,EUR,11552.52,9708,1844.52,C,P,D
500000475,33,2015-04-19,33,2015-05-03,,100000044,EUR,26581.03,22337,4244.03,X,I,I
500000476,33,2015-04-20,33,2015-05-04,,100000044,EUR,9417.66,7914,1503.66,N,I,I
500000477,33,2015-04-21,33,2015-05-05,,100000044,EUR,5631.08,4732,899.08,P,P,I
500000478,33,2015-04-22,33,2015-05-06,,100000042,EUR,1405.39,1181,224.39,P,P,D
500000479,33,2015-04-23,33,2015-05-07,,100000041,EUR,761.24,639.7,121.54,X,I,I
500000480,33,2015-04-24,33,2015-05-08,,100000037,EUR,101299.22,85125.4,16173.82,X,I,I
500000481,33,2015-04-25,33,2015-05-09,,100000041,EUR,250.73,210.7,40.03,N,I,I
500000482,33,2015-04-26,33,2015-05-10,,100000037,EUR,10549.35,8865,1684.35,X,I,I
500000483,33,2015-04-27,33,2015-05-11,,100000043,EUR,195.16,164,31.16,P,P,D
500000484,33,2015-04-28,33,2015-05-12,,100000044,EUR,107100,90000,17100,P,P,D
500000485,33,2015-04-29,33,2015-05-13,,100000036,EUR,4415.73,3710.7,705.03,N,I,I
500000486,33,2015-04-30,33,2015-05-14,,100000044,EUR,325.94,273.9,52.04,X,I,I
500000487,33,2015-05-01,33,2015-05-15,,100000038,EUR,24220.07,20353,3867.07,C,P,D
500000488,33,2015-05-02,33,2015-05-16,,100000037,EUR,4499.87,3781.4,718.47,C,P,D
500000489,33,2015-05-03,33,2015-05-17,,100000037,EUR,2727.24,2291.8,435.44,P,P,D
500000490,33,2015-05-04,33,2015-05-18,,100000042,EUR,530.62,445.9,84.72,C,P,D
500000491,33,2015-05-05,33,2015-05-19,,100000041,EUR,803.25,675,128.25,C,P,D
500000492,33,2015-05-06,33,2015-05-20,,100000036,EUR,178.14,149.7,28.44,P,I,I
500000493,33,2015-05-07,33,2015-05-21,,100000038,EUR,871.55,732.4,139.15,C,P,D
500000494,33,2015-05-08,33,2015-05-22,,100000043,EUR,6543.8,5499,1044.8,P,I,I
500000495,33,2015-05-09,33,2015-05-23,,100000044,EUR,113032.74,94985.5,18047.24,C,P,D
500000496,33,2015-05-10,33,2015-05-24,,100000036,EUR,114.24,96,18.24,N,I,I
500000497,33,2015-05-11,33,2015-05-25,,100000042,EUR,521.22,438,83.22,X,I,I
500000498,33,2015-05-12,33,2015-05-26,,100000037,EUR,411.5,345.8,65.7,P,P,D
500000499,33,2015-05-13,33,2015-05-27,,100000038,EUR,11379.97,9563,1816.97,P,I,D
500000500,33,2015-05-14,33,2015-05-28,,100000000,EUR,26581.03,22337,4244.03,N,I,I
500000501,33,2015-05-15,33,2015-05-29,,100000002,EUR,9417.66,7914,1503.66,N,I,I
500000502,33,2015-05-16,33,2015-05-30,,100000005,EUR,5631.08,4732,899.08,P,I,D
500000503,33,2015-05-17,33,2015-05-31,,100000006,EUR,1405.39,1181,224.39,C,P,D
500000504,33,2015-05-18,33,2015-06-01,,100000006,EUR,761.24,639.7,121.54,C,P,D
500000505,33,2015-05-19,33,2015-06-02,,100000008,EUR,101299.22,85125.4,16173.82,X,I,I
500000506,33,2015-05-20,33,2015-06-03,,100000003,EUR,250.73,210.7,40.03,P,P,D
500000507,33,2015-05-21,33,2015-06-04,,100000004,EUR,10549.35,8865,1684.35,C,P,D
500000508,33,2015-05-22,33,2015-06-05,,100000009,EUR,195.16,164,31.16,P,P,D
500000509,33,2015-05-23,33,2015-06-06,,100000000,EUR,3972.22,3338,634.22,X,I,I
500000510,33,2015-05-24,33,2015-06-07,,100000002,EUR,3598.92,3024.3,574.62,N,I,I
500000511,33,2015-05-25,33,2015-06-08,,100000004,EUR,325.94,273.9,52.04,X,I,I
500000512,33,2015-05-26,33,2015-06-09,,100000005,EUR,24395,20500,3895,C,P,D
500000513,33,2015-05-27,33,2015-06-10,,100000006,EUR,5527.55,4645,882.55,X,I,I
500000514,33,2015-05-28,33,2015-06-11,,100000006,EUR,3459.33,2907,552.33,N,I,I
500000515,33,2015-05-29,33,2015-06-12,,100000008,EUR,852.04,716,136.04,P,P,D
500000516,33,2015-05-30,33,2015-06-13,,100000004,EUR,1916.5,1610.5,306,X,I,I
500000517,33,2015-05-31,33,2015-06-14,,100000005,EUR,178.14,149.7,28.44,X,I,I
500000518,33,2015-06-01,33,2015-06-15,,100000002,EUR,871.55,732.4,139.15,X,I,I
500000519,33,2015-06-02,33,2015-06-16,,100000009,EUR,1028.15,864,164.15,C,P,D
500000520,33,2015-06-03,33,2015-06-17,,100000000,EUR,5523.38,4641.5,881.88,X,I,I
500000521,33,2015-06-04,33,2015-06-18,,100000002,EUR,187.54,157.6,29.94,N,I,I
500000522,33,2015-06-05,33,2015-06-19,,100000006,EUR,521.22,438,83.22,P,I,I
500000523,33,2015-06-06,33,2015-06-20,,100000008,EUR,411.5,345.8,65.7,N,I,I
500000524,33,2015-06-07,33,2015-06-21,,100000005,EUR,11552.52,9708,1844.52,P,I,I
500000525,33,2015-06-08,33,2015-06-22,,100000003,EUR,26581.03,22337,4244.03,N,I,I
500000526,33,2015-06-09,33,2015-06-23,,100000003,EUR,9417.66,7914,1503.66,N,I,I
500000527,33,2015-06-10,33,2015-06-24,,100000003,EUR,5631.08,4732,899.08,P,P,I
500000528,33,2015-06-11,33,2015-06-25,,100000008,EUR,1405.39,1181,224.39,P,P,D
500000529,33,2015-06-12,33,2015-06-26,,100000004,EUR,761.24,639.7,121.54,C,P,D
500000530,33,2015-06-13,33,2015-06-27,,100000006,EUR,101299.22,85125.4,16173.82,C,P,D
500000531,33,2015-06-14,33,2015-06-28,,100000004,EUR,250.73,210.7,40.03,X,I,I
500000532,33,2015-06-15,33,2015-06-29,,100000006,EUR,10549.35,8865,1684.35,C,P,D
500000533,33,2015-06-16,33,2015-06-30,,100000009,EUR,195.16,164,31.16,N,I,I
500000534,33,2015-06-17,33,2015-07-01,,100000000,EUR,107100,90000,17100,N,I,I
500000535,33,2015-06-18,33,2015-07-02,,100000002,EUR,4415.73,3710.7,705.03,X,I,I
500000536,33,2015-06-19,33,2015-07-03,,100000003,EUR,325.94,273.9,52.04,N,I,I
500000537,33,2015-06-20,33,2015-07-04,,100000005,EUR,24220.07,20353,3867.07,P,I,I
500000538,33,2015-06-21,33,2015-07-05,,100000006,EUR,4499.87,3781.4,718.47,N,I,I
500000539,33,2015-06-22,33,2015-07-06,,100000006,EUR,2727.24,2291.8,435.44,P,I,I
500000540,33,2015-06-23,33,2015-07-07,,100000008,EUR,530.62,445.9,84.72,P,P,I
500000541,33,2015-06-24,33,2015-07-08,,100000004,EUR,803.25,675,128.25,N,I,I
500000542,33,2015-06-25,33,2015-07-09,,100000002,EUR,178.14,149.7,28.44,X,I,I
500000543,33,2015-06-26,33,2015-07-10,,100000005,EUR,871.55,732.4,139.15,C,P,D
500000544,33,2015-06-27,33,2015-07-11,,100000009,EUR,6543.8,5499,1044.8,C,P,D
500000545,33,2015-06-28,33,2015-07-12,,100000000,EUR,113032.74,94985.5,18047.24,X,I,I
500000546,33,2015-06-29,33,2015-07-13,,100000002,EUR,114.24,96,18.24,C,P,D
500000547,33,2015-06-30,33,2015-07-14,,100000008,EUR,521.22,438,83.22,P,P,D
500000548,33,2015-07-01,33,2015-07-15,,100000006,EUR,411.5,345.8,65.7,N,I,I
500000549,33,2015-07-02,33,2015-07-16,,100000005,EUR,11379.97,9563,1816.97,N,I,I
500000550,33,2015-07-03,33,2015-07-17,,100000026,EUR,26581.03,22337,4244.03,X,I,I
500000551,33,2015-07-04,33,2015-07-18,,100000025,EUR,9417.66,7914,1503.66,X,I,I
500000552,33,2015-07-05,33,2015-07-19,,100000022,EUR,5631.08,4732,899.08,C,P,D
500000553,33,2015-07-06,33,2015-07-20,,100000024,EUR,1405.39,1181,224.39,N,I,I
500000554,33,2015-07-07,33,2015-07-21,,100000024,EUR,761.24,639.7,121.54,P,P,D
500000555,33,2015-07-08,33,2015-07-22,,100000021,EUR,101299.22,85125.4,16173.82,X,I,I
500000556,33,2015-07-09,33,2015-07-23,,100000023,EUR,250.73,210.7,40.03,C,P,D
500000557,33,2015-07-10,33,2015-07-24,,100000019,EUR,10549.35,8865,1684.35,C,P,D
500000558,33,2015-07-11,33,2015-07-25,,100000026,EUR,195.16,164,31.16,P,P,I
500000559,33,2015-07-12,33,2015-07-26,,100000026,EUR,3972.22,3338,634.22,X,I,I
500000560,33,2015-07-13,33,2015-07-27,,100000025,EUR,3598.92,3024.3,574.62,P,P,I
500000561,33,2015-07-14,33,2015-07-28,,100000019,EUR,325.94,273.9,52.04,N,I,I
500000562,33,2015-07-15,33,2015-07-29,,100000022,EUR,24395,20500,3895,P,I,I
500000563,33,2015-07-16,33,2015-07-30,,100000024,EUR,5527.55,4645,882.55,X,I,I
500000564,33,2015-07-17,33,2015-07-31,,100000024,EUR,3459.33,2907,552.33,P,P,D
500000565,33,2015-07-18,33,2015-08-01,,100000021,EUR,852.04,716,136.04,C,P,D
500000566,33,2015-07-19,33,2015-08-02,,100000019,EUR,1916.5,1610.5,306,N,I,I
500000567,33,2015-07-20,33,2015-08-03,,100000022,EUR,178.14,149.7,28.44,P,I,I
500000568,33,2015-07-21,33,2015-08-04,,100000025,EUR,871.55,732.4,139.15,X,I,I
500000569,33,2015-07-22,33,2015-08-05,,100000026,EUR,1028.15,864,164.15,N,I,I
500000570,33,2015-07-23,33,2015-08-06,,100000026,EUR,5523.38,4641.5,881.88,X,I,I
500000571,33,2015-07-24,33,2015-08-07,,100000025,EUR,187.54,157.6,29.94,X,I,I
500000572,33,2015-07-25,33,2015-08-08,,100000024,EUR,521.22,438,83.22,X,I,I
500000573,33,2015-07-26,33,2015-08-09,,100000021,EUR,411.5,345.8,65.7,N,I,I
500000574,33,2015-07-27,33,2015-08-10,,100000022,EUR,11552.52,9708,1844.52,P,P,D
500000575,33,2015-07-28,33,2015-08-11,,100000023,EUR,26581.03,22337,4244.03,C,P,D
500000576,33,2015-07-29,33,2015-08-12,,100000023,EUR,9417.66,7914,1503.66,X,I,I
500000577,33,2015-07-30,33,2015-08-13,,100000023,EUR,5631.08,4732,899.08,N,I,I
500000578,33,2015-07-31,33,2015-08-14,,100000021,EUR,1405.39,1181,224.39,P,I,D
500000579,33,2015-08-01,33,2015-08-15,,100000019,EUR,761.24,639.7,121.54,C,P,D
500000580,33,2015-08-02,33,2015-08-16,,100000024,EUR,101299.22,85125.4,16173.82,N,I,I
500000581,33,2015-08-03,33,2015-08-17,,100000019,EUR,250.73,210.7,40.03,N,I,I
500000582,33,2015-08-04,33,2015-08-18,,100000024,EUR,10549.35,8865,1684.35,N,I,I
500000583,33,2015-08-05,33,2015-08-19,,100000026,EUR,195.16,164,31.16,P,P,D
500000584,33,2015-08-06,33,2015-08-20,,100000026,EUR,107100,90000,17100,P,I,I
500000585,33,2015-08-07,33,2015-08-21,,100000025,EUR,4415.73,3710.7,705.03,P,I,I
500000586,33,2015-08-08,33,2015-08-22,,100000023,EUR,325.94,273.9,52.04,N,I,I
500000587,33,2015-08-09,33,2015-08-23,,100000022,EUR,24220.07,20353,3867.07,P,I,D
500000588,33,2015-08-10,33,2015-08-24,,100000024,EUR,4499.87,3781.4,718.47,P,P,D
500000589,33,2015-08-11,33,2015-08-25,,100000024,EUR,2727.24,2291.8,435.44,C,P,D
500000590,33,2015-08-12,33,2015-08-26,,100000021,EUR,530.62,445.9,84.72,N,I,I
500000591,33,2015-08-13,33,2015-08-27,,100000019,EUR,803.25,675,128.25,C,P,D
500000592,33,2015-08-14,33,2015-08-28,,100000025,EUR,178.14,149.7,28.44,P,P,D
500000593,33,2015-08-15,33,2015-08-29,,100000022,EUR,871.55,732.4,139.15,X,I,I
500000594,33,2015-08-16,33,2015-08-30,,100000026,EUR,6543.8,5499,1044.8,X,I,I
500000595,33,2015-08-17,33,2015-08-31,,100000026,EUR,113032.74,94985.5,18047.24,X,I,I
500000596,33,2015-08-18,33,2015-09-01,,100000025,EUR,114.24,96,18.24,P,P,D
500000597,33,2015-08-19,33,2015-09-02,,100000021,EUR,521.22,438,83.22,N,I,I
500000598,33,2015-08-20,33,2015-09-03,,100000024,EUR,411.5,345.8,65.7,X,I,I
500000599,33,2015-08-21,33,2015-09-04,,100000022,EUR,11379.97,9563,1816.97,P,P,I
500000600,33,2015-08-22,33,2015-09-05,,100000012,EUR,26581.03,22337,4244.03,N,I,I
500000601,33,2015-08-23,33,2015-09-06,,100000011,EUR,9417.66,7914,1503.66,X,I,I
500000602,33,2015-08-24,33,2015-09-07,,100000015,EUR,5631.08,4732,899.08,P,P,D
500000603,33,2015-08-25,33,2015-09-08,,100000013,EUR,1405.39,1181,224.39,P,P,D
500000604,33,2015-08-26,33,2015-09-09,,100000013,EUR,761.24,639.7,121.54,X,I,I
500000605,33,2015-08-27,33,2015-09-10,,100000014,EUR,101299.22,85125.4,16173.82,C,P,D
500000606,33,2015-08-28,33,2015-09-11,,100000016,EUR,250.73,210.7,40.03,X,I,I
500000607,33,2015-08-29,33,2015-09-12,,100000017,EUR,10549.35,8865,1684.35,C,P,D
500000608,33,2015-08-30,33,2015-09-13,,100000018,EUR,195.16,164,31.16,C,P,D
500000609,33,2015-08-31,33,2015-09-14,,100000012,EUR,3972.22,3338,634.22,X,I,I
500000610,33,2015-09-01,33,2015-09-15,,100000011,EUR,3598.92,3024.3,574.62,P,P,I
500000611,33,2015-09-02,33,2015-09-16,,100000017,EUR,325.94,273.9,52.04,N,I,I
500000612,33,2015-09-03,33,2015-09-17,,100000015,EUR,24395,20500,3895,X,I,I
500000613,33,2015-09-04,33,2015-09-18,,100000013,EUR,5527.55,4645,882.55,X,I,I
500000614,33,2015-09-05,33,2015-09-19,,100000013,EUR,3459.33,2907,552.33,N,I,I
500000615,33,2015-09-06,33,2015-09-20,,100000014,EUR,852.04,716,136.04,C,P,D
500000616,33,2015-09-07,33,2015-09-21,,100000017,EUR,1916.5,1610.5,306,C,P,D
500000617,33,2015-09-08,33,2015-09-22,,100000015,EUR,178.14,149.7,28.44,P,P,I
500000618,33,2015-09-09,33,2015-09-23,,100000011,EUR,871.55,732.4,139.15,C,P,D
500000619,33,2015-09-10,33,2015-09-24,,100000018,EUR,1028.15,864,164.15,P,P,D
500000620,33,2015-09-11,33,2015-09-25,,100000012,EUR,5523.38,4641.5,881.88,C,P,D
500000621,33,2015-09-12,33,2015-09-26,,100000011,EUR,187.54,157.6,29.94,N,I,I
500000622,33,2015-09-13,33,2015-09-27,,100000013,EUR,521.22,438,83.22,N,I,I
500000623,33,2015-09-14,33,2015-09-28,,100000014,EUR,411.5,345.8,65.7,X,I,I
500000624,33,2015-09-15,33,2015-09-29,,100000015,EUR,11552.52,9708,1844.52,X,I,I
500000625,33,2015-09-16,33,2015-09-30,,100000016,EUR,26581.03,22337,4244.03,C,P,D
500000626,33,2015-09-17,33,2015-10-01,,100000016,EUR,9417.66,7914,1503.66,N,I,I
500000627,33,2015-09-18,33,2015-10-02,,100000016,EUR,5631.08,4732,899.08,C,P,D
500000628,33,2015-09-19,33,2015-10-03,,100000014,EUR,1405.39,1181,224.39,N,I,I
500000629,33,2015-09-20,33,2015-10-04,,100000017,EUR,761.24,639.7,121.54,N,I,I
500000630,33,2015-09-21,33,2015-10-05,,100000013,EUR,101299.22,85125.4,16173.82,P,I,D
500000631,33,2015-09-22,33,2015-10-06,,100000017,EUR,250.73,210.7,40.03,X,I,I
500000632,33,2015-09-23,33,2015-10-07,,100000013,EUR,10549.35,8865,1684.35,N,I,I
500000633,33,2015-09-24,33,2015-10-08,,100000018,EUR,195.16,164,31.16,P,I,D
500000634,33,2015-09-25,33,2015-10-09,,100000012,EUR,107100,90000,17100,P,P,D
500000635,33,2015-09-26,33,2015-10-10,,100000011,EUR,4415.73,3710.7,705.03,C,P,D
500000636,33,2015-09-27,33,2015-10-11,,100000016,EUR,325.94,273.9,52.04,P,P,D
500000637,33,2015-09-28,33,2015-10-12,,100000015,EUR,24220.07,20353,3867.07,X,I,I
500000638,33,2015-09-29,33,2015-10-13,,100000013,EUR,4499.87,3781.4,718.47,P,P,I
500000639,33,2015-09-30,33,2015-10-14,,100000013,EUR,2727.24,2291.8,435.44,X,I,I
500000640,33,2015-10-01,33,2015-10-15,,100000014,EUR,530.62,445.9,84.72,N,I,I
500000641,33,2015-10-02,33,2015-10-16,,100000017,EUR,803.25,675,128.25,N,I,I
500000642,33,2015-10-03,33,2015-10-17,,100000011,EUR,178.14,149.7,28.44,C,P,D
500000643,33,2015-10-04,33,2015-10-18,,100000015,EUR,871.55,732.4,139.15,P,I,I
500000644,33,2015-10-05,33,2015-10-19,,100000018,EUR,6543.8,5499,1044.8,P,P,D
500000645,33,2015-10-06,33,2015-10-20,,100000012,EUR,113032.74,94985.5,18047.24,C,P,D
500000646,33,2015-10-07,33,2015-10-21,,100000011,EUR,114.24,96,18.24,P,P,D
500000647,33,2015-10-08,33,2015-10-22,,100000014,EUR,521.22,438,83.22,N,I,I
500000648,33,2015-10-09,33,2015-10-23,,100000013,EUR,411.5,345.8,65.7,X,I,I
500000649,33,2015-10-10,33,2015-10-24,,100000015,EUR,11379.97,9563,1816.97,P,P,I
500000650,33,2015-10-11,33,2015-10-25,,100000028,EUR,26581.03,22337,4244.03,X,I,I
500000651,33,2015-10-12,33,2015-10-26,,100000030,EUR,9417.66,7914,1503.66,C,P,D
500000652,33,2015-10-13,33,2015-10-27,,100000031,EUR,5631.08,4732,899.08,N,I,I
500000653,33,2015-10-14,33,2015-10-28,,100000032,EUR,1405.39,1181,224.39,P,I,I
500000654,33,2015-10-15,33,2015-10-29,,100000032,EUR,761.24,639.7,121.54,P,I,I
500000655,33,2015-10-16,33,2015-10-30,,100000033,EUR,101299.22,85125.4,16173.82,P,P,I
500000656,33,2015-10-17,33,2015-10-31,,100000034,EUR,250.73,210.7,40.03,P,I,I
500000657,33,2015-10-18,33,2015-11-01,,100000035,EUR,10549.35,8865,1684.35,P,I,I
500000658,33,2015-10-19,33,2015-11-02,,100000027,EUR,195.16,164,31.16,P,P,D
500000659,33,2015-10-20,33,2015-11-03,,100000028,EUR,3972.22,3338,634.22,C,P,D
500000660,33,2015-10-21,33,2015-11-04,,100000030,EUR,3598.92,3024.3,574.62,X,I,I
500000661,33,2015-10-22,33,2015-11-05,,100000035,EUR,325.94,273.9,52.04,C,P,D
500000662,33,2015-10-23,33,2015-11-06,,100000031,EUR,24395,20500,3895,C,P,D
500000663,33,2015-10-24,33,2015-11-07,,100000032,EUR,5527.55,4645,882.55,P,I,D
500000664,33,2015-10-25,33,2015-11-08,,100000032,EUR,3459.33,2907,552.33,P,P,D
500000665,33,2015-10-26,33,2015-11-09,,100000033,EUR,852.04,716,136.04,C,P,D
500000666,33,2015-10-27,33,2015-11-10,,100000035,EUR,1916.5,1610.5,306,X,I,I
500000667,33,2015-10-28,33,2015-11-11,,100000031,EUR,178.14,149.7,28.44,C,P,D
500000668,33,2015-10-29,33,2015-11-12,,100000030,EUR,871.55,732.4,139.15,N,I,I
500000669,33,2015-10-30,33,2015-11-13,,100000027,EUR,1028.15,864,164.15,X,I,I
500000670,33,2015-10-31,33,2015-11-14,,100000028,EUR,5523.38,4641.5,881.88,C,P,D
500000671,33,2015-11-01,33,2015-11-15,,100000030,EUR,187.54,157.6,29.94,N,I,I
500000672,33,2015-11-02,33,2015-11-16,,100000032,EUR,521.22,438,83.22,C,P,D
500000673,33,2015-11-03,33,2015-11-17,,100000033,EUR,411.5,345.8,65.7,X,I,I
500000674,33,2015-11-04,33,2015-11-18,,100000031,EUR,11552.52,9708,1844.52,P,I,I
500000675,33,2015-11-05,33,2015-11-19,,100000034,EUR,26581.03,22337,4244.03,X,I,I
500000676,33,2015-11-06,33,2015-11-20,,100000034,EUR,9417.66,7914,1503.66,X,I,I
500000677,33,2015-11-07,33,2015-11-21,,100000034,EUR,5631.08,4732,899.08,C,P,D
500000678,33,2015-11-08,33,2015-11-22,,100000033,EUR,1405.39,1181,224.39,C,P,D
500000679,33,2015-11-09,33,2015-11-23,,100000035,EUR,761.24,639.7,121.54,C,P,D
500000680,33,2015-11-10,33,2015-11-24,,100000032,EUR,101299.22,85125.4,16173.82,X,I,I
500000681,33,2015-11-11,33,2015-11-25,,100000035,EUR,250.73,210.7,40.03,C,P,D
500000682,33,2015-11-12,33,2015-11-26,,100000032,EUR,10549.35,8865,1684.35,C,P,D
500000683,33,2015-11-13,33,2015-11-27,,100000027,EUR,195.16,164,31.16,X,I,I
500000684,33,2015-11-14,33,2015-11-28,,100000028,EUR,107100,90000,17100,N,I,I
500000685,33,2015-11-15,33,2015-11-29,,100000030,EUR,4415.73,3710.7,705.03,C,P,D
500000686,33,2015-11-16,33,2015-11-30,,100000034,EUR,325.94,273.9,52.04,X,I,I
500000687,33,2015-11-17,33,2015-12-01,,100000031,EUR,24220.07,20353,3867.07,N,I,I
500000688,33,2015-11-18,33,2015-12-02,,100000032,EUR,4499.87,3781.4,718.47,N,I,I
500000689,33,2015-11-19,33,2015-12-03,,100000032,EUR,2727.24,2291.8,435.44,N,I,I
500000690,33,2015-11-20,33,2015-12-04,,100000033,EUR,530.62,445.9,84.72,C,P,D
500000691,33,2015-11-21,33,2015-12-05,,100000035,EUR,803.25,675,128.25,C,P,D
500000692,33,2015-11-22,33,2015-12-06,,100000030,EUR,178.14,149.7,28.44,N,I,I
500000693,33,2015-11-23,33,2015-12-07,,100000031,EUR,871.55,732.4,139.15,C,P,D
500000694,33,2015-11-24,33,2015-12-08,,100000027,EUR,6543.8,5499,1044.8,X,I,I
500000695,33,2015-11-25,33,2015-12-09,,100000028,EUR,113032.74,94985.5,18047.24,N,I,I
500000696,33,2015-11-26,33,2015-12-10,,100000030,EUR,114.24,96,18.24,X,I,I
500000697,33,2015-11-27,33,2015-12-11,,100000033,EUR,521.22,438,83.22,P,I,I
500000698,33,2015-11-28,33,2015-12-12,,100000032,EUR,411.5,345.8,65.7,C,P,D
500000699,33,2015-11-29,33,2015-12-13,,100000031,EUR,11379.97,9563,1816.97,P,P,D
500000700,33,2015-11-30,33,2015-12-14,,100000044,EUR,26581.03,22337,4244.03,X,I,I
500000701,33,2015-12-01,33,2015-12-15,,100000036,EUR,9417.66,7914,1503.66,C,P,D
500000702,33,2015-12-02,33,2015-12-16,,100000038,EUR,5631.08,4732,899.08,C,P,D
500000703,33,2015-12-03,33,2015-12-17,,100000037,EUR,1405.39,1181,224.39,C,P,D
500000704,33,2015-12-04,33,2015-12-18,,100000037,EUR,761.24,639.7,121.54,N,I,I
500000705,33,2015-12-05,33,2015-12-19,,100000042,EUR,101299.22,85125.4,16173.82,P,P,I
500000706,33,2015-12-06,33,2015-12-20,,100000044,EUR,250.73,210.7,40.03,X,I,I
500000707,33,2015-12-07,33,2015-12-21,,100000041,EUR,10549.35,8865,1684.35,X,I,I
500000708,33,2015-12-08,33,2015-12-22,,100000043,EUR,195.16,164,31.16,X,I,I
500000709,33,2015-12-09,33,2015-12-23,,100000044,EUR,3972.22,3338,634.22,X,I,I
500000710,33,2015-12-10,33,2015-12-24,,100000036,EUR,3598.92,3024.3,574.62,P,P,I
500000711,33,2015-12-11,33,2015-12-25,,100000041,EUR,325.94,273.9,52.04,C,P,D
500000712,33,2015-12-12,33,2015-12-26,,100000038,EUR,24395,20500,3895,P,P,I
500000713,33,2015-12-13,33,2015-12-27,,100000037,EUR,5527.55,4645,882.55,P,I,D
500000714,33,2015-12-14,33,2015-12-28,,100000037,EUR,3459.33,2907,552.33,X,I,I
500000715,33,2015-12-15,33,2015-12-29,,100000042,EUR,852.04,716,136.04,P,I,D
500000716,33,2015-12-16,33,2015-12-30,,100000041,EUR,1916.5,1610.5,306,X,I,I
500000717,33,2015-12-17,33,2015-12-31,,100000038,EUR,178.14,149.7,28.44,X,I,I
500000718,33,2015-12-18,33,2014-01-01,,100000036,EUR,871.55,732.4,139.15,N,I,I
500000719,33,2015-12-19,33,2014-01-02,,100000043,EUR,1028.15,864,164.15,N,I,I
500000720,33,2015-12-20,33,2014-01-03,,100000044,EUR,5523.38,4641.5,881.88,N,I,I
500000721,33,2015-12-21,33,2014-01-04,,100000036,EUR,187.54,157.6,29.94,N,I,I
500000722,33,2015-12-22,33,2014-01-05,,100000037,EUR,521.22,438,83.22,C,P,D
500000723,33,2015-12-23,33,2014-01-06,,100000042,EUR,411.5,345.8,65.7,X,I,I
500000724,33,2015-12-24,33,2014-01-07,,100000038,EUR,11552.52,9708,1844.52,N,I,I
500000725,33,2015-12-25,33,2014-01-08,,100000044,EUR,26581.03,22337,4244.03,X,I,I
500000726,33,2015-12-26,33,2014-01-09,,100000044,EUR,9417.66,7914,1503.66,C,P,D
500000727,33,2015-12-27,33,2014-01-10,,100000044,EUR,5631.08,4732,899.08,N,I,I
500000728,33,2015-12-28,33,2014-01-11,,100000042,EUR,1405.39,1181,224.39,N,I,I
500000729,33,2015-12-29,33,2014-01-12,,100000041,EUR,761.24,639.7,121.54,C,P,D
500000730,33,2015-12-30,33,2014-01-13,,100000037,EUR,101299.22,85125.4,16173.82,C,P,D
500000731,33,2015-12-31,33,2014-01-14,,100000041,EUR,250.73,210.7,40.03,P,P,I
500000732,33,2015-01-01,33,2015-01-15,,100000037,EUR,10549.35,8865,1684.35,P,I,I
500000733,33,2015-01-02,33,2015-01-16,,100000043,EUR,195.16,164,31.16,P,I,D
500000734,33,2015-01-03,33,2015-01-17,,100000044,EUR,107100,90000,17100,C,P,D
500000735,33,2015-01-04,33,2015-01-18,,100000036,EUR,4415.73,3710.7,705.03,N,I,I
500000736,33,2015-01-05,33,2015-01-19,,100000044,EUR,325.94,273.9,52.04,C,P,D
500000737,33,2015-01-06,33,2015-01-20,,100000038,EUR,24220.07,20353,3867.07,C,P,D
500000738,33,2015-01-07,33,2015-01-21,,100000037,EUR,4499.87,3781.4,718.47,X,I,I
500000739,33,2015-01-08,33,2015-01-22,,100000037,EUR,2727.24,2291.8,435.44,X,I,I
500000740,33,2015-01-09,33,2015-01-23,,100000042,EUR,530.62,445.9,84.72,X,I,I
500000741,33,2015-01-10,33,2015-01-24,,100000041,EUR,803.25,675,128.25,X,I,I
500000742,33,2015-01-11,33,2015-01-25,,100000036,EUR,178.14,149.7,28.44,N,I,I
500000743,33,2015-01-12,33,2015-01-26,,100000038,EUR,871.55,732.4,139.15,P,P,D
500000744,33,2015-01-13,33,2015-01-27,,100000043,EUR,6543.8,5499,1044.8,P,P,D
500000745,33,2015-01-14,33,2015-01-28,,100000044,EUR,113032.74,94985.5,18047.24,X,I,I
500000746,33,2015-01-15,33,2015-01-29,,100000036,EUR,114.24,96,18.24,X,I,I
500000747,33,2015-01-16,33,2015-01-30,,100000042,EUR,521.22,438,83.22,P,P,I
500000748,33,2015-01-17,33,2015-01-31,,100000037,EUR,411.5,345.8,65.7,X,I,I
500000749,33,2015-01-18,33,2015-02-01,,100000038,EUR,11379.97,9563,1816.97,P,I,D
500000750,33,2015-01-19,33,2015-02-02,,100000000,EUR,26581.03,22337,4244.03,X,I,I
500000751,33,2015-01-20,33,2015-02-03,,100000002,EUR,9417.66,7914,1503.66,C,P,D
500000752,33,2015-01-21,33,2015-02-04,,100000005,EUR,5631.08,4732,899.08,C,P,D
500000753,33,2015-01-22,33,2015-02-05,,100000006,EUR,1405.39,1181,224.39,X,I,I
500000754,33,2015-01-23,33,2015-02-06,,100000006,EUR,761.24,639.7,121.54,N,I,I
500000755,33,2015-01-24,33,2015-02-07,,100000008,EUR,101299.22,85125.4,16173.82,C,P,D
500000756,33,2015-01-25,33,2015-02-08,,100000003,EUR,250.73,210.7,40.03,P,P,I
500000757,33,2015-01-26,33,2015-02-09,,100000004,EUR,10549.35,8865,1684.35,N,I,I
500000758,33,2015-01-27,33,2015-02-10,,100000009,EUR,195.16,164,31.16,P,P,I
500000759,33,2015-01-28,33,2015-02-11,,100000000,EUR,3972.22,3338,634.22,X,I,I
500000760,33,2015-01-29,33,2015-02-12,,100000002,EUR,3598.92,3024.3,574.62,C,P,D
500000761,33,2015-01-30,33,2015-02-13,,100000004,EUR,325.94,273.9,52.04,P,P,D
500000762,33,2015-01-31,33,2015-02-14,,100000005,EUR,24395,20500,3895,P,I,I
500000763,33,2015-02-01,33,2015-02-15,,100000006,EUR,5527.55,4645,882.55,P,I,D
500000764,33,2015-02-02,33,2015-02-16,,100000006,EUR,3459.33,2907,552.33,P,I,D
500000765,33,2015-02-03,33,2015-02-17,,100000008,EUR,852.04,716,136.04,P,P,D
500000766,33,2015-02-04,33,2015-02-18,,100000004,EUR,1916.5,1610.5,306,P,I,I
500000767,33,2015-02-05,33,2015-02-19,,100000005,EUR,178.14,149.7,28.44,N,I,I
500000768,33,2015-02-06,33,2015-02-20,,100000002,EUR,871.55,732.4,139.15,C,P,D
500000769,33,2015-02-07,33,2015-02-21,,100000009,EUR,1028.15,864,164.15,X,I,I
500000770,33,2015-02-08,33,2015-02-22,,100000000,EUR,5523.38,4641.5,881.88,N,I,I
500000771,33,2015-02-09,33,2015-02-23,,100000002,EUR,187.54,157.6,29.94,C,P,D
500000772,33,2015-02-10,33,2015-02-24,,100000006,EUR,521.22,438,83.22,X,I,I
500000773,33,2015-02-11,33,2015-02-25,,100000008,EUR,411.5,345.8,65.7,N,I,I
500000774,33,2015-02-12,33,2015-02-26,,100000005,EUR,11552.52,9708,1844.52,C,P,D
500000775,33,2015-02-13,33,2015-02-27,,100000003,EUR,26581.03,22337,4244.03,C,P,D
500000776,33,2015-02-14,33,2015-02-28,,100000003,EUR,9417.66,7914,1503.66,C,P,D
500000777,33,2015-02-15,33,2015-02-28,,100000003,EUR,5631.08,4732,899.08,N,I,I
500000778,33,2015-02-16,33,2015-03-01,,100000008,EUR,1405.39,1181,224.39,C,P,D
500000779,33,2015-02-17,33,2015-03-02,,100000004,EUR,761.24,639.7,121.54,C,P,D
500000780,33,2015-02-18,33,2015-03-03,,100000006,EUR,101299.22,85125.4,16173.82,C,P,D
500000781,33,2015-02-19,33,2015-03-04,,100000004,EUR,250.73,210.7,40.03,X,I,I
500000782,33,2015-02-20,33,2015-03-05,,100000006,EUR,10549.35,8865,1684.35,C,P,D
500000783,33,2015-02-21,33,2015-03-06,,100000009,EUR,195.16,164,31.16,P,I,I
500000784,33,2015-02-22,33,2015-03-07,,100000000,EUR,107100,90000,17100,C,P,D
500000785,33,2015-02-23,33,2015-03-08,,100000002,EUR,4415.73,3710.7,705.03,X,I,I
500000786,33,2015-02-24,33,2015-03-09,,100000003,EUR,325.94,273.9,52.04,X,I,I
500000787,33,2015-02-25,33,2015-03-10,,100000005,EUR,24220.07,20353,3867.07,C,P,D
500000788,33,2015-02-26,33,2015-03-11,,100000006,EUR,4499.87,3781.4,718.47,C,P,D
500000789,33,2015-02-27,33,2015-03-12,,100000006,EUR,2727.24,2291.8,435.44,X,I,I
500000790,33,2015-02-28,33,2015-03-13,,100000008,EUR,530.62,445.9,84.72,C,P,D
500000791,33,2015-02-28,33,2015-03-14,,100000004,EUR,803.25,675,128.25,C,P,D
500000792,33,2015-03-01,33,2015-03-15,,100000002,EUR,178.14,149.7,28.44,N,I,I
500000793,33,2015-03-02,33,2015-03-16,,100000005,EUR,871.55,732.4,139.15,P,P,D
500000794,33,2015-03-03,33,2015-03-17,,100000009,EUR,6543.8,5499,1044.8,P,I,I
500000795,33,2015-03-04,33,2015-03-18,,100000000,EUR,113032.74,94985.5,18047.24,X,I,I
500000796,33,2015-03-05,33,2015-03-19,,100000002,EUR,114.24,96,18.24,C,P,D
500000797,33,2015-03-06,33,2015-03-20,,100000008,EUR,521.22,438,83.22,C,P,D
500000798,33,2015-03-07,33,2015-03-21,,100000006,EUR,411.5,345.8,65.7,C,P,D
500000799,33,2015-03-08,33,2015-03-22,,100000005,EUR,11379.97,9563,1816.97,N,I,I
500000800,33,2015-03-09,33,2015-03-23,,100000026,EUR,26581.03,22337,4244.03,X,I,I
500000801,33,2015-03-10,33,2015-03-24,,100000025,EUR,9417.66,7914,1503.66,X,I,I
500000802,33,2015-03-11,33,2015-03-25,,100000022,EUR,5631.08,4732,899.08,N,I,I
500000803,33,2015-03-12,33,2015-03-26,,100000024,EUR,1405.39,1181,224.39,C,P,D
500000804,33,2015-03-13,33,2015-03-27,,100000024,EUR,761.24,639.7,121.54,P,P,D
500000805,33,2015-03-14,33,2015-03-28,,100000021,EUR,101299.22,85125.4,16173.82,P,I,I
500000806,33,2015-03-15,33,2015-03-29,,100000023,EUR,250.73,210.7,40.03,P,P,I
500000807,33,2015-03-16,33,2015-03-30,,100000019,EUR,10549.35,8865,1684.35,C,P,D
500000808,33,2015-03-17,33,2015-03-31,,100000026,EUR,195.16,164,31.16,X,I,I
500000809,33,2015-03-18,33,2015-04-01,,100000026,EUR,3972.22,3338,634.22,N,I,I
500000810,33,2015-03-19,33,2015-04-02,,100000025,EUR,3598.92,3024.3,574.62,C,P,D
500000811,33,2015-03-20,33,2015-04-03,,100000019,EUR,325.94,273.9,52.04,P,P,D
500000812,33,2015-03-21,33,2015-04-04,,100000022,EUR,24395,20500,3895,P,I,D
500000813,33,2015-03-22,33,2015-04-05,,100000024,EUR,5527.55,4645,882.55,P,I,D
500000814,33,2015-03-23,33,2015-04-06,,100000024,EUR,3459.33,2907,552.33,N,I,I
500000815,33,2015-03-24,33,2015-04-07,,100000021,EUR,852.04,716,136.04,P,P,I
500000816,33,2015-03-25,33,2015-04-08,,100000019,EUR,1916.5,1610.5,306,N,I,I
500000817,33,2015-03-26,33,2015-04-09,,100000022,EUR,178.14,149.7,28.44,P,I,I
500000818,33,2015-03-27,33,2015-04-10,,100000025,EUR,871.55,732.4,139.15,N,I,I
500000819,33,2015-03-28,33,2015-04-11,,100000026,EUR,1028.15,864,164.15,X,I,I
500000820,33,2015-03-29,33,2015-04-12,,100000026,EUR,5523.38,4641.5,881.88,X,I,I
500000821,33,2015-03-30,33,2015-04-13,,100000025,EUR,187.54,157.6,29.94,P,P,D
500000822,33,2015-03-31,33,2015-04-14,,100000024,EUR,521.22,438,83.22,N,I,I
500000823,33,2015-04-01,33,2015-04-15,,100000021,EUR,411.5,345.8,65.7,N,I,I
500000824,33,2015-04-02,33,2015-04-16,,100000022,EUR,11552.52,9708,1844.52,X,I,I
500000825,33,2015-04-03,33,2015-04-17,,100000023,EUR,26581.03,22337,4244.03,P,P,I
500000826,33,2015-04-04,33,2015-04-18,,100000023,EUR,9417.66,7914,1503.66,P,P,D
500000827,33,2015-04-05,33,2015-04-19,,100000023,EUR,5631.08,4732,899.08,P,P,I
500000828,33,2015-04-06,33,2015-04-20,,100000021,EUR,1405.39,1181,224.39,N,I,I
500000829,33,2015-04-07,33,2015-04-21,,100000019,EUR,761.24,639.7,121.54,C,P,D
500000830,33,2015-04-08,33,2015-04-22,,100000024,EUR,101299.22,85125.4,16173.82,N,I,I
500000831,33,2015-04-09,33,2015-04-23,,100000019,EUR,250.73,210.7,40.03,X,I,I
500000832,33,2015-04-10,33,2015-04-24,,100000024,EUR,10549.35,8865,1684.35,X,I,I
500000833,33,2015-04-11,33,2015-04-25,,100000026,EUR,195.16,164,31.16,X,I,I
500000834,33,2015-04-12,33,2015-04-26,,100000026,EUR,107100,90000,17100,P,P,D
500000835,33,2015-04-13,33,2015-04-27,,100000025,EUR,4415.73,3710.7,705.03,P,I,I
500000836,33,2015-04-14,33,2015-04-28,,100000023,EUR,325.94,273.9,52.04,N,I,I
500000837,33,2015-04-15,33,2015-04-29,,100000022,EUR,24220.07,20353,3867.07,P,P,D
500000838,33,2015-04-16,33,2015-04-30,,100000024,EUR,4499.87,3781.4,718.47,N,I,I
500000839,33,2015-04-17,33,2015-05-01,,100000024,EUR,2727.24,2291.8,435.44,X,I,I
500000840,33,2015-04-18,33,2015-05-02,,100000021,EUR,530.62,445.9,84.72,N,I,I
500000841,33,2015-04-19,33,2015-05-03,,100000019,EUR,803.25,675,128.25,P,I,I
500000842,33,2015-04-20,33,2015-05-04,,100000025,EUR,178.14,149.7,28.44,N,I,I
500000843,33,2015-04-21,33,2015-05-05,,100000022,EUR,871.55,732.4,139.15,N,I,I
500000844,33,2015-04-22,33,2015-05-06,,100000026,EUR,6543.8,5499,1044.8,N,I,I
500000845,33,2015-04-23,33,2015-05-07,,100000026,EUR,113032.74,94985.5,18047.24,P,P,I
500000846,33,2015-04-24,33,2015-05-08,,100000025,EUR,114.24,96,18.24,C,P,D
500000847,33,2015-04-25,33,2015-05-09,,100000021,EUR,521.22,438,83.22,X,I,I
500000848,33,2015-04-26,33,2015-05-10,,100000024,EUR,411.5,345.8,65.7,X,I,I
500000849,33,2015-04-27,33,2015-05-11,,100000022,EUR,11379.97,9563,1816.97,C,P,D
500000850,33,2015-04-28,33,2015-05-12,,100000012,EUR,26581.03,22337,4244.03,N,I,I
500000851,33,2015-04-29,33,2015-05-13,,100000011,EUR,9417.66,7914,1503.66,C,P,D
500000852,33,2015-04-30,33,2015-05-14,,100000015,EUR,5631.08,4732,899.08,P,P,I
500000853,33,2015-05-01,33,2015-05-15,,100000013,EUR,1405.39,1181,224.39,X,I,I
500000854,33,2015-05-02,33,2015-05-16,,100000013,EUR,761.24,639.7,121.54,C,P,D
500000855,33,2015-05-03,33,2015-05-17,,100000014,EUR,101299.22,85125.4,16173.82,N,I,I
500000856,33,2015-05-04,33,2015-05-18,,100000016,EUR,250.73,210.7,40.03,P,P,I
500000857,33,2015-05-05,33,2015-05-19,,100000017,EUR,10549.35,8865,1684.35,P,I,I
500000858,33,2015-05-06,33,2015-05-20,,100000018,EUR,195.16,164,31.16,C,P,D
500000859,33,2015-05-07,33,2015-05-21,,100000012,EUR,3972.22,3338,634.22,C,P,D
500000860,33,2015-05-08,33,2015-05-22,,100000011,EUR,3598.92,3024.3,574.62,P,P,D
500000861,33,2015-05-09,33,2015-05-23,,100000017,EUR,325.94,273.9,52.04,C,P,D
500000862,33,2015-05-10,33,2015-05-24,,100000015,EUR,24395,20500,3895,X,I,I
500000863,33,2015-05-11,33,2015-05-25,,100000013,EUR,5527.55,4645,882.55,N,I,I
500000864,33,2015-05-12,33,2015-05-26,,100000013,EUR,3459.33,2907,552.33,P,P,D
500000865,33,2015-05-13,33,2015-05-27,,100000014,EUR,852.04,716,136.04,X,I,I
500000866,33,2015-05-14,33,2015-05-28,,100000017,EUR,1916.5,1610.5,306,P,I,I
500000867,33,2015-05-15,33,2015-05-29,,100000015,EUR,178.14,149.7,28.44,C,P,D
500000868,33,2015-05-16,33,2015-05-30,,100000011,EUR,871.55,732.4,139.15,C,P,D
500000869,33,2015-05-17,33,2015-05-31,,100000018,EUR,1028.15,864,164.15,C,P,D
500000870,33,2015-05-18,33,2015-06-01,,100000012,EUR,5523.38,4641.5,881.88,X,I,I
500000871,33,2015-05-19,33,2015-06-02,,100000011,EUR,187.54,157.6,29.94,X,I,I
500000872,33,2015-05-20,33,2015-06-03,,100000013,EUR,521.22,438,83.22,X,I,I
500000873,33,2015-05-21,33,2015-06-04,,100000014,EUR,411.5,345.8,65.7,X,I,I
500000874,33,2015-05-22,33,2015-06-05,,100000015,EUR,11552.52,9708,1844.52,X,I,I
500000875,33,2015-05-23,33,2015-06-06,,100000016,EUR,26581.03,22337,4244.03,X,I,I
500000876,33,2015-05-24,33,2015-06-07,,100000016,EUR,9417.66,7914,1503.66,P,I,D
500000877,33,2015-05-25,33,2015-06-08,,100000016,EUR,5631.08,4732,899.08,N,I,I
500000878,33,2015-05-26,33,2015-06-09,,100000014,EUR,1405.39,1181,224.39,N,I,I
500000879,33,2015-05-27,33,2015-06-10,,100000017,EUR,761.24,639.7,121.54,C,P,D
500000880,33,2015-05-28,33,2015-06-11,,100000013,EUR,101299.22,85125.4,16173.82,P,I,D
500000881,33,2015-05-29,33,2015-06-12,,100000017,EUR,250.73,210.7,40.03,C,P,D
500000882,33,2015-05-30,33,2015-06-13,,100000013,EUR,10549.35,8865,1684.35,X,I,I
500000883,33,2015-05-31,33,2015-06-14,,100000018,EUR,195.16,164,31.16,P,I,I
500000884,33,2015-06-01,33,2015-06-15,,100000012,EUR,107100,90000,17100,X,I,I
500000885,33,2015-06-02,33,2015-06-16,,100000011,EUR,4415.73,3710.7,705.03,C,P,D
500000886,33,2015-06-03,33,2015-06-17,,100000016,EUR,325.94,273.9,52.04,P,P,D
500000887,33,2015-06-04,33,2015-06-18,,100000015,EUR,24220.07,20353,3867.07,C,P,D
500000888,33,2015-06-05,33,2015-06-19,,100000013,EUR,4499.87,3781.4,718.47,N,I,I
500000889,33,2015-06-06,33,2015-06-20,,100000013,EUR,2727.24,2291.8,435.44,P,P,I
500000890,33,2015-06-07,33,2015-06-21,,100000014,EUR,530.62,445.9,84.72,X,I,I
500000891,33,2015-06-08,33,2015-06-22,,100000017,EUR,803.25,675,128.25,X,I,I
500000892,33,2015-06-09,33,2015-06-23,,100000011,EUR,178.14,149.7,28.44,P,P,D
500000893,33,2015-06-10,33,2015-06-24,,100000015,EUR,871.55,732.4,139.15,C,P,D
500000894,33,2015-06-11,33,2015-06-25,,100000018,EUR,6543.8,5499,1044.8,P,P,D
500000895,33,2015-06-12,33,2015-06-26,,100000012,EUR,113032.74,94985.5,18047.24,N,I,I
500000896,33,2015-06-13,33,2015-06-27,,100000011,EUR,114.24,96,18.24,N,I,I
500000897,33,2015-06-14,33,2015-06-28,,100000014,EUR,521.22,438,83.22,C,P,D
500000898,33,2015-06-15,33,2015-06-29,,100000013,EUR,411.5,345.8,65.7,N,I,I
500000899,33,2015-06-16,33,2015-06-30,,100000015,EUR,11379.97,9563,1816.97,C,P,D
500000900,33,2015-06-17,33,2015-07-01,,100000028,EUR,26581.03,22337,4244.03,P,I,D
500000901,33,2015-06-18,33,2015-07-02,,100000030,EUR,9417.66,7914,1503.66,N,I,I
500000902,33,2015-06-19,33,2015-07-03,,100000031,EUR,5631.08,4732,899.08,N,I,I
500000903,33,2015-06-20,33,2015-07-04,,100000032,EUR,1405.39,1181,224.39,N,I,I
500000904,33,2015-06-21,33,2015-07-05,,100000032,EUR,761.24,639.7,121.54,X,I,I
500000905,33,2015-06-22,33,2015-07-06,,100000033,EUR,101299.22,85125.4,16173.82,C,P,D
500000906,33,2015-06-23,33,2015-07-07,,100000034,EUR,250.73,210.7,40.03,N,I,I
500000907,33,2015-06-24,33,2015-07-08,,100000035,EUR,10549.35,8865,1684.35,P,P,D
500000908,33,2015-06-25,33,2015-07-09,,100000027,EUR,195.16,164,31.16,N,I,I
500000909,33,2015-06-26,33,2015-07-10,,100000028,EUR,3972.22,3338,634.22,N,I,I
500000910,33,2015-06-27,33,2015-07-11,,100000030,EUR,3598.92,3024.3,574.62,N,I,I
500000911,33,2015-06-28,33,2015-07-12,,100000035,EUR,325.94,273.9,52.04,P,I,I
500000912,33,2015-06-29,33,2015-07-13,,100000031,EUR,24395,20500,3895,N,I,I
500000913,33,2015-06-30,33,2015-07-14,,100000032,EUR,5527.55,4645,882.55,X,I,I
500000914,33,2015-07-01,33,2015-07-15,,100000032,EUR,3459.33,2907,552.33,P,P,D
500000915,33,2015-07-02,33,2015-07-16,,100000033,EUR,852.04,716,136.04,C,P,D
500000916,33,2015-07-03,33,2015-07-17,,100000035,EUR,1916.5,1610.5,306,C,P,D
500000917,33,2015-07-04,33,2015-07-18,,100000031,EUR,178.14,149.7,28.44,P,P,D
500000918,33,2015-07-05,33,2015-07-19,,100000030,EUR,871.55,732.4,139.15,P,I,I
500000919,33,2015-07-06,33,2015-07-20,,100000027,EUR,1028.15,864,164.15,C,P,D
500000920,33,2015-07-07,33,2015-07-21,,100000028,EUR,5523.38,4641.5,881.88,X,I,I
500000921,33,2015-07-08,33,2015-07-22,,100000030,EUR,187.54,157.6,29.94,X,I,I
500000922,33,2015-07-09,33,2015-07-23,,100000032,EUR,521.22,438,83.22,N,I,I
500000923,33,2015-07-10,33,2015-07-24,,100000033,EUR,411.5,345.8,65.7,P,I,D
500000924,33,2015-07-11,33,2015-07-25,,100000031,EUR,11552.52,9708,1844.52,X,I,I
500000925,33,2015-07-12,33,2015-07-26,,100000034,EUR,26581.03,22337,4244.03,C,P,D
500000926,33,2015-07-13,33,2015-07-27,,100000034,EUR,9417.66,7914,1503.66,N,I,I
500000927,33,2015-07-14,33,2015-07-28,,100000034,EUR,5631.08,4732,899.08,C,P,D
500000928,33,2015-07-15,33,2015-07-29,,100000033,EUR,1405.39,1181,224.39,N,I,I
500000929,33,2015-07-16,33,2015-07-30,,100000035,EUR,761.24,639.7,121.54,X,I,I
500000930,33,2015-07-17,33,2015-07-31,,100000032,EUR,101299.22,85125.4,16173.82,C,P,D
500000931,33,2015-07-18,33,2015-08-01,,100000035,EUR,250.73,210.7,40.03,C,P,D
500000932,33,2015-07-19,33,2015-08-02,,100000032,EUR,10549.35,8865,1684.35,C,P,D
500000933,33,2015-07-20,33,2015-08-03,,100000027,EUR,195.16,164,31.16,C,P,D
500000934,33,2015-07-21,33,2015-08-04,,100000028,EUR,107100,90000,17100,P,P,I
500000935,33,2015-07-22,33,2015-08-05,,100000030,EUR,4415.73,3710.7,705.03,X,I,I
500000936,33,2015-07-23,33,2015-08-06,,100000034,EUR,325.94,273.9,52.04,N,I,I
500000937,33,2015-07-24,33,2015-08-07,,100000031,EUR,24220.07,20353,3867.07,X,I,I
500000938,33,2015-07-25,33,2015-08-08,,100000032,EUR,4499.87,3781.4,718.47,C,P,D
500000939,33,2015-07-26,33,2015-08-09,,100000032,EUR,2727.24,2291.8,435.44,X,I,I
500000940,33,2015-07-27,33,2015-08-10,,100000033,EUR,530.62,445.9,84.72,X,I,I
500000941,33,2015-07-28,33,2015-08-11,,100000035,EUR,803.25,675,128.25,X,I,I
500000942,33,2015-07-29,33,2015-08-12,,100000030,EUR,178.14,149.7,28.44,P,P,I
500000943,33,2015-07-30,33,2015-08-13,,100000031,EUR,871.55,732.4,139.15,P,I,D
500000944,33,2015-07-31,33,2015-08-14,,100000027,EUR,6543.8,5499,1044.8,C,P,D
500000945,33,2015-08-01,33,2015-08-15,,100000028,EUR,113032.74,94985.5,18047.24,P,P,D
500000946,33,2015-08-02,33,2015-08-16,,100000030,EUR,114.24,96,18.24,P,I,I
500000947,33,2015-08-03,33,2015-08-17,,100000033,EUR,521.22,438,83.22,N,I,I
500000948,33,2015-08-04,33,2015-08-18,,100000032,EUR,411.5,345.8,65.7,X,I,I
500000949,33,2015-08-05,33,2015-08-19,,100000031,EUR,11379.97,9563,1816.97,C,P,D
500000950,33,2015-08-06,33,2015-08-20,,100000044,EUR,26581.03,22337,4244.03,C,P,D
500000951,33,2015-08-07,33,2015-08-21,,100000036,EUR,9417.66,7914,1503.66,X,I,I
500000952,33,2015-08-08,33,2015-08-22,,100000038,EUR,5631.08,4732,899.08,X,I,I
500000953,33,2015-08-09,33,2015-08-23,,100000037,EUR,1405.39,1181,224.39,P,P,I
500000954,33,2015-08-10,33,2015-08-24,,100000037,EUR,761.24,639.7,121.54,N,I,I
500000955,33,2015-08-11,33,2015-08-25,,100000042,EUR,101299.22,85125.4,16173.82,X,I,I
500000956,33,2015-08-12,33,2015-08-26,,100000044,EUR,250.73,210.7,40.03,X,I,I
500000957,33,2015-08-13,33,2015-08-27,,100000041,EUR,10549.35,8865,1684.35,C,P,D
500000958,33,2015-08-14,33,2015-08-28,,100000043,EUR,195.16,164,31.16,C,P,D
500000959,33,2015-08-15,33,2015-08-29,,100000044,EUR,3972.22,3338,634.22,P,I,D
500000960,33,2015-08-16,33,2015-08-30,,100000036,EUR,3598.92,3024.3,574.62,P,I,D
500000961,33,2015-08-17,33,2015-08-31,,100000041,EUR,325.94,273.9,52.04,N,I,I
500000962,33,2015-08-18,33,2015-09-01,,100000038,EUR,24395,20500,3895,P,P,D
500000963,33,2015-08-19,33,2015-09-02,,100000037,EUR,5527.55,4645,882.55,C,P,D
500000964,33,2015-08-20,33,2015-09-03,,100000037,EUR,3459.33,2907,552.33,N,I,I
500000965,33,2015-08-21,33,2015-09-04,,100000042,EUR,852.04,716,136.04,C,P,D
500000966,33,2015-08-22,33,2015-09-05,,100000041,EUR,1916.5,1610.5,306,P,I,I
500000967,33,2015-08-23,33,2015-09-06,,100000038,EUR,178.14,149.7,28.44,C,P,D
500000968,33,2015-08-24,33,2015-09-07,,100000036,EUR,871.55,732.4,139.15,X,I,I
500000969,33,2015-08-25,33,2015-09-08,,100000043,EUR,1028.15,864,164.15,N,I,I
500000970,33,2015-08-26,33,2015-09-09,,100000044,EUR,5523.38,4641.5,881.88,N,I,I
500000971,33,2015-08-27,33,2015-09-10,,100000036,EUR,187.54,157.6,29.94,X,I,I
500000972,33,2015-08-28,33,2015-09-11,,100000037,EUR,521.22,438,83.22,P,P,I
500000973,33,2015-08-29,33,2015-09-12,,100000042,EUR,411.5,345.8,65.7,N,I,I
500000974,33,2015-08-30,33,2015-09-13,,100000038,EUR,11552.52,9708,1844.52,N,I,I
500000975,33,2015-08-31,33,2015-09-14,,100000044,EUR,26581.03,22337,4244.03,P,I,D
500000976,33,2015-09-01,33,2015-09-15,,100000044,EUR,9417.66,7914,1503.66,C,P,D
500000977,33,2015-09-02,33,2015-09-16,,100000044,EUR,5631.08,4732,899.08,P,P,D
500000978,33,2015-09-03,33,2015-09-17,,100000042,EUR,1405.39,1181,224.39,C,P,D
500000979,33,2015-09-04,33,2015-09-18,,100000041,EUR,761.24,639.7,121.54,P,P,I
500000980,33,2015-09-05,33,2015-09-19,,100000037,EUR,101299.22,85125.4,16173.82,P,I,I
500000981,33,2015-09-06,33,2015-09-20,,100000041,EUR,250.73,210.7,40.03,X,I,I
500000982,33,2015-09-07,33,2015-09-21,,100000037,EUR,10549.35,8865,1684.35,X,I,I
500000983,33,2015-09-08,33,2015-09-22,,100000043,EUR,195.16,164,31.16,X,I,I
500000984,33,2015-09-09,33,2015-09-23,,100000044,EUR,107100,90000,17100,X,I,I
500000985,33,2015-09-10,33,2015-09-24,,100000036,EUR,4415.73,3710.7,705.03,N,I,I
500000986,33,2015-09-11,33,2015-09-25,,100000044,EUR,325.94,273.9,52.04,N,I,I
500000987,33,2015-09-12,33,2015-09-26,,100000038,EUR,24220.07,20353,3867.07,C,P,D
500000988,33,2015-09-13,33,2015-09-27,,100000037,EUR,4499.87,3781.4,718.47,N,I,I
500000989,33,2015-09-14,33,2015-09-28,,100000037,EUR,2727.24,2291.8,435.44,C,P,D
500000990,33,2015-09-15,33,2015-09-29,,100000042,EUR,530.62,445.9,84.72,N,I,I
500000991,33,2015-09-16,33,2015-09-30,,100000041,EUR,803.25,675,128.25,X,I,I
500000992,33,2015-09-17,33,2015-10-01,,100000036,EUR,178.14,149.7,28.44,N,I,I
500000993,33,2015-09-18,33,2015-10-02,,100000038,EUR,871.55,732.4,139.15,P,I,D
500000994,33,2015-09-19,33,2015-10-03,,100000043,EUR,6543.8,5499,1044.8,P,P,D
500000995,33,2015-09-20,33,2015-10-04,,100000044,EUR,113032.74,94985.5,18047.24,X,I,I
500000996,33,2015-09-21,33,2015-10-05,,100000036,EUR,114.24,96,18.24,P,I,D
500000997,33,2015-09-22,33,2015-10-06,,100000042,EUR,521.22,438,83.22,P,I,I
500000998,33,2015-09-23,33,2015-10-07,,100000037,EUR,411.5,345.8,65.7,P,I,D
500000999,33,2015-09-24,33,2015-10-08,,100000038,EUR,11379.97,9563,1816.97,N,I,I
500001000,33,2014-09-06,33,2014-09-20,,100000041,EUR,250.73,210.7,40.03,X,I,I
500001001,33,2014-09-07,33,2014-09-21,,100000037,EUR,10549.35,8865,1684.35,X,I,I
500001002,33,2014-09-08,33,2014-09-22,,100000043,EUR,195.16,164,31.16,X,I,I
500001003,33,2014-09-09,33,2014-09-23,,100000044,EUR,107100,90000,17100,X,I,I
500001004,33,2014-09-10,33,2014-09-24,,100000036,EUR,4415.73,3710.7,705.03,N,I,I
500001005,33,2014-09-11,33,2014-09-25,,100000044,EUR,325.94,273.9,52.04,N,I,I
500001006,33,2014-09-12,33,2014-09-26,,100000038,EUR,24220.07,20353,3867.07,C,P,D
500001007,33,2014-09-13,33,2014-09-27,,100000037,EUR,4499.87,3781.4,718.47,N,I,I
500001008,33,2014-09-14,33,2014-09-28,,100000037,EUR,2727.24,2291.8,435.44,C,P,D
500001009,33,2014-09-15,33,2014-09-29,,100000042,EUR,530.62,445.9,84.72,N,I,I
500001010,33,2014-09-15,33,2014-09-29,,100000042,EUR,530.62,445.9,84.72,N,I,I
500001011,33,2014-09-15,33,2014-09-29,,100000042,EUR,530.62,445.9,84.72,N,I,I
500001012,33,2014-09-15,33,2014-09-29,,100000042,EUR,530.62,445.9,84.72,N,I,I
500001013,33,2014-09-11,33,2014-09-25,,100000044,EUR,325.94,273.9,52.04,N,I,I
500001014,33,2014-09-11,33,2014-09-25,,100000044,EUR,325.94,273.9,52.04,N,I,I
500001015,33,2014-09-11,33,2014-09-25,,100000044,EUR,325.94,273.9,52.04,N,I,I
500001016,33,2014-09-11,33,2014-09-25,,100000044,EUR,325.94,273.9,52.04,N,I,I
500001017,33,2014-09-11,33,2014-09-25,,100000044,EUR,325.94,273.9,52.04,N,I,I
500001018,33,2014-09-11,33,2014-09-25,,100000044,EUR,325.94,273.9,52.04,N,I,I
500001019,33,2014-09-11,33,2014-09-25,,100000044,EUR,325.94,273.9,52.04,N,I,I
500001020,33,2014-09-11,33,2014-09-25,,100000044,EUR,325.94,273.9,52.04,N,I,I
500001021,33,2014-09-11,33,2014-09-25,,100000044,EUR,325.94,273.9,52.04,N,I,I
500001022,33,2014-09-11,33,2014-09-25,,100000044,EUR,325.94,273.9,52.04,N,I,I
500001023,33,2014-09-11,33,2014-09-25,,100000044,EUR,325.94,273.9,52.04,N,I,I
500001024,33,2014-09-11,33,2014-09-25,,100000044,EUR,325.94,273.9,52.04,N,I,I
500001025,33,2014-09-11,33,2014-09-25,,100000044,EUR,325.94,273.9,52.04,N,I,I
500001026,33,2014-09-11,33,2014-09-25,,100000044,EUR,325.94,273.9,52.04,N,I,I
500001027,33,2014-09-11,33,2014-09-25,,100000044,EUR,325.94,273.9,52.04,N,I,I
500001028,33,2014-09-11,33,2014-09-25,,100000044,EUR,325.94,273.9,52.04,N,I,I
